,מזהה כהונה,שם האישיות,ממשלה,תפקיד,מפלגה,קטגוריה,שנת התחלה,שנת סיום,שנים,שנת ממשלה,תארים,מקום1,מקום2,רמות תארים,תחום1,תחום2,34+,דרגה ביכרה בצה״ל
62,9.1,יאיר לפיד,34+,ראש הממשלה,יש עתיד,ראשות הממשלה,2022,2022.0,0.0,2022-2022,תואר שני ללא ראשון,אוניברסיטת בר-אילן ,0,1,פרשנות ותרבות,0,1.0,טוראי
65,30.1,יואב גלנט,34+,שר החינוך,הליכוד,חינוך,2022,2022.0,0.0,2022-2022,תואר ראשון,אוניברסיטת חיפה,0,1,כלכלה,ניהול,1.0,אלוף
67,55.1,יואב סגלוביץ',34+,סגן שר לביטחון פנים,יש עתיד,ביטחון פנים,2021,2022.0,1.0,2021-2022,0,0,0,0,0,0,1.0,קצין מודיעין
86,19.1,"ישראל כ""ץ",34+,שר החוץ,הליכוד,מדיני,2019,2020.0,1.0,2019-2020,0,0,0,0,0,0,1.0,סרן
87,20.1,"ישראל כ""ץ",34+,שר האוצר,הליכוד,כלכלי,2020,2021.0,1.0,2020-2021,0,0,0,0,0,0,1.0,סרן
94,36.1,מרב מיכאלי,34+,שרת התחבורה,העבודה,תשתיות,2021,2022.0,1.0,2021-2022,0,0,0,0,0,0,1.0,?
4,15.1,אביגדור ליברמן,34+,שר האוצר,ישראל ביתנו,כלכלי,2021,2022.0,1.0,2021-2022,תואר ראשון,אוניברסיטת ירושלים,0,1,ממשל,0,1.0,רב״ט
12,35.1,איילת שקד,34+,שרת הפנים,ימינה,פנים וחברה,2021,2022.0,1.0,2021-2022,"תואר ראשון, BSc, הוסמך",אוניברסיטת תל אביב,0,1,מדעי המחשב,הנדסת חשמל,1.0,סמל
14,52.1,אלון שוסטר,34+,סגן שר הביטחון,כחול לבן,ביטחון,2021,2022.0,1.0,2021-2022,תואר ראשון,אוניברסיטת בן-גוריון,0,1,מדעי המחשב,מתמטיקה,1.0,סגן אלוף
40,23.1,בצלאל סמוטריץ',34+,שר התחבורה,הציונות הדתית,תשתיות,2019,2020.0,1.0,2019-2020,תואר ראשון,אקדמית אונו,0,1,משפטים,0,1.0,סמ״ר (14 חודשים)
44,28.1,גדעון סער,34+,שר המשפטים,תקווה חדשה,משפט,2021,2022.0,1.0,2021-2022,תואר ראשון,אוניברסיטת תל אביב,0,1,משפטים,מדעי המדינה,1.0,סמ״ר
61,8.1,יאיר לפיד,34+,שר החוץ,יש עתיד,מדיני,2021,2022.0,1.0,2021-2022,תואר שני ללא ראשון,אוניברסיטת בר-אילן ,0,1,פרשנות ותרבות,0,1.0,טוראי
88,54.1,מאיר יצחק הלוי,34+,סגן שר החינוך,תקווה חדשה,חינוך,2021,2022.0,1.0,2021-2022,תואר ראשון,אוניברסיטת ירושלים,0,1,מדעי המדינה,ממשל,1.0,רב סרן
102,11.1,נפתלי בנט,34+,שר הביטחון,ימינה,ביטחון,2019,2020.0,1.0,2019-2020,תואר ראשון,אוניברסיטת ירושלים,0,1,משפטים,מנהל עסקים,1.0,סרן
103,12.1,נפתלי בנט,34+,ראש הממשלה,ימינה,ראשות הממשלה,2021,2022.0,1.0,2021-2022,תואר ראשון,אוניברסיטת ירושלים,0,1,משפטים,מנהל עסקים,1.0,סרן
113,51.1,עביר כארה,34+,סגן שר הרפורמות הכלכליות במשרד ראש הממשלה,ימינה,כלכלי,2021,2022.0,1.0,2021-2022,תואר ראשון,אוניברסיטת ירושלים,0,1,משפטים,מנהל עסקים,1.0,?
116,53.1,עידן רול,34+,סגן שר החוץ,יש עתיד,מדיני,2021,2022.0,1.0,2021-2022,"תואר ראשון, תואר שני",אוניברסיטת תל אביב,0,1,משפטים,0,1.0,סגן
117,46.1,עמר בר-לב,34+,שר לביטחון פנים,העבודה,ביטחון פנים,2021,2022.0,1.0,2021-2022,"תואר ראשון, תואר שני",אוניברסיטת תל אביב,0,1,משפטים,0,1.0,אלוף משנה
18,47.1,אלי כהן,34+,שר החוץ,הליכוד,מדיני,2022,2023.0,1.0,2022-2023,"תואר ראשון, תואר שני",אוניברסיטת תל אביב, האוניברסיטה הפתוחה,2,ניהול,מנהל עסקים,1.0,רב סרן
25,5.2,בני גנץ,34+,ראש ממשלה חלופי,כחול לבן,ראשות הממשלה,2020,2021.0,1.0,2020-2021,"תואר ראשון, תואר שני",אוניברסיטת תל אביב, אוניברסיטת חיפה,2,מדעי המדינה,ניהול משאבים בינלאומיים,1.0,רב אלוף
59,56.1,יאיר גולן,34+,סגן שר הכלכלה,העבודה,כלכלי,2021,2022.0,1.0,2021-2022,"תואר ראשון, תואר שני",אוניברסיטת תל אביב, אוניברסיטת הרווארד,2,מדעי המדינה,ניהול,1.0,אלוף
92,38.1,מירי רגב,34+,שרת התחבורה,הליכוד,תשתיות,2020,2021.0,1.0,2020-2021,"תואר ראשון, תואר שני",אקדמית בית ברל, אקדמית אונו,2,חינוך בלתי פורמלי,מנהל עסקים,1.0,תת אלוף
0,57.1,אבי מעוז,34+,סגן שר במשרד ראש הממשלה (תרבות יהודית),נעם,חברה ותרבות,2023,2025.0,2.0,2023-2025,0,0,0,0,0,0,1.0,
3,14.1,אביגדור ליברמן,34+,שר הביטחון,ישראל ביתנו,ביטחון,2016,2018.0,2.0,2016-2018,תואר ראשון,אוניברסיטת ירושלים,0,1,ממשל,0,1.0,רב״ט
24,5.1,בני גנץ,34+,שר הביטחון,כחול לבן,ביטחון,2020,2022.0,2.0,2020-2022,"תואר ראשון, תואר שני",אוניברסיטת תל אביב, אוניברסיטת חיפה,2,מדעי המדינה,ניהול משאבים בינלאומיים,1.0,רב אלוף
13,25.1,איתמר בן גביר,34+,השר לביטחון לאומי,עוצמה יהודית,ביטחון פנים,2022,2025.0,3.0,2022-2025,"תואר ראשון, מוסמך",אקדמית אונו,0,1,משפטים,0,1.0,
41,24.1,בצלאל סמוטריץ',34+,שר האוצר,הציונות הדתית,כלכלי,2022,2025.0,3.0,2022-2025,תואר ראשון,אקדמית אונו,0,1,משפטים,0,1.0,סמ״ר (14 חודשים)
66,31.1,יואב גלנט,34+,שר הביטחון,הליכוד,ביטחון,2022,2025.0,3.0,2022-2025,תואר ראשון,אוניברסיטת חיפה,0,1,כלכלה,ניהול,1.0,אלוף
39,4.1,בנימין נתניהו,34+,ראש הממשלה,הליכוד,ראשות הממשלה,2022,2025.0,3.0,2022-2025,"תואר ראשון, תואר שני",אוניברסיטת MIT, אוניברסיטת MIT בסלואן,2,אדריכלות,מנהל עסקים,1.0,סרן
93,39.1,מירי רגב,34+,שרת התחבורה,הליכוד,תשתיות,2022,2025.0,3.0,2022-2025,"תואר ראשון, תואר שני",אקדמית בית ברל, אקדמית אונו,2,חינוך בלתי פורמלי,מנהל עסקים,1.0,תת אלוף
85,18.1,"ישראל כ""ץ",34+,שר התחבורה,הליכוד,תשתיות,2015,2019.0,4.0,2015-2019,0,0,0,0,0,0,1.0,סרן
11,34.1,איילת שקד,34+,שרת המשפטים,ימינה,משפט,2015,2019.0,4.0,2015-2019,"תואר ראשון, BSc, הוסמך",אוניברסיטת תל אביב,0,1,מדעי המחשב,הנדסת חשמל,1.0,סמל
15,49.1,אלי בן-דנון,34+,סגן שר הביטחון,הבית היהודי,ביטחון,2015,2019.0,4.0,2015-2019,"תואר ראשון, תואר שני",אוניברסיטת פלורידה, ירושלים,2,ממשל,מדיניות ציבורית,1.0,סגן
23,22.1,אריה דרעי,34+,שר הפנים,"ש""ס",פנים וחברה,2016,2021.0,5.0,2016-2021,0,0,0,0,0,0,1.0,טוראי ( 3 חודשים)
79,48.1,יצחק כהן,34+,סגן שר האוצר,"ש""ס",כלכלי,2015,2020.0,5.0,2015-2020,0,0,0,0,0,0,1.0,רס״ר
49,45.1,גלעד ארדן,34+,שר לביטחון פנים,הליכוד,ביטחון פנים,2015,2020.0,5.0,2015-2020,תואר ראשון,אוניברסיטת תל אביב,0,1,משפטים,מדעי המדינה,1.0,סרן
96,33.1,משה כחלון,34+,שר האוצר,כולנו,כלכלי,2015,2020.0,5.0,2015-2020,תואר ראשון,אוניברסיטת חיפה, מכללת נתניה,1,משפטים,ניהול,1.0,רב סמל
91,37.1,מירי רגב,34+,שרת התרבות והספורט,הליכוד,חברה ותרבות,2015,2020.0,5.0,2015-2020,"תואר ראשון, תואר שני",אקדמית בית ברל, אקדמית אונו,2,חינוך בלתי פורמלי,מנהל עסקים,1.0,תת אלוף
118,50.1,ציפי חוטובלי,34+,סגנית שר החוץ,הליכוד,מדיני,2015,2020.0,5.0,2015-2020,"תואר ראשון, תואר שני",אוניברסיטת בר-אילן,0,2,משפטים,0,1.0,שירות לאומי
34,3.1,בנימין נתניהו,34+,ראש הממשלה,הליכוד,ראשות הממשלה,2015,2021.0,6.0,2015-2021,"תואר ראשון, תואר שני",אוניברסיטת MIT, אוניברסיטת MIT בסלואן,2,אדריכלות,מנהל עסקים,1.0,סרן
72,42.1,יובל שטייניץ,34+,שר האנרגיה,הליכוד,תשתיות,2015,2021.0,6.0,2015-2021,"תואר ראשון, תואר שני",אוניברסיטת ירושלים,0,2,פילוסופיה,0,1.0,סמ״ל
123,,הדר מוכתר,34+,,הליכוד,,2025,,,2025,"תואר ראשון, תואר שני",אוניברסיטת חיפה,אוניברסיטת תל אביב,2,מדעי המחשב,מדעי המחשב,1.0,רב״ט
