age,annual_income,credit_score,years_employed,education_level,employment_type,requested_loan_amount
56,77447.55593094493,541,3,High School,Full-time,52658.39463736766
69,36444.278140132315,531,30,Bachelor,Full-time,71717.69396146426
46,73070.63744015737,583,27,Master,Unemployed,77495.07006928623
32,42499.78743260372,499,10,Bachelor,Part-time,45775.22178773071
60,36117.08092985012,378,0,Bachelor,Self-employed,32439.66687175999
25,52197.20146086498,472,37,Master,Full-time,80640.00627421566
78,56849.13836015029,766,23,Bachelor,Part-time,75013.01553381108
38,88230.59213018857,715,30,Master,Part-time,91913.79928229468
56,56390.75157737429,748,25,Bachelor,Part-time,74025.02230500402
75,53865.56123698772,386,4,Bachelor,Unemployed,26969.363283631614
36,81922.85887803268,400,19,Bachelor,Full-time,64579.155820478445
40,62021.07888423073,307,10,Master,Full-time,47000.850446542376
28,37114.49639664104,499,32,High School,Part-time,69394.68296442594
28,77119.40770616384,804,37,High School,Part-time,90588.01372307733
41,35207.62461141295,386,26,PhD,Full-time,54108.04023304151
70,37015.05443332581,342,33,High School,Full-time,50112.777529742336
53,33029.58601224173,684,14,Bachelor,Full-time,64957.381341943445
57,31275.099434440875,734,31,Bachelor,Full-time,71652.25691974183
41,56663.46589679649,707,20,Bachelor,Full-time,78626.05781633843
20,44841.95670912913,782,4,Bachelor,Part-time,61281.93523115947
39,-19563.384272731128,316,5,High School,Part-time,10428.032955500354
70,44634.73876100974,447,37,Bachelor,Full-time,67076.49687196419
19,39641.75488388732,576,21,Bachelor,Full-time,63444.37754709789
41,67856.5072859771,531,17,Bachelor,Full-time,59685.33199987777
61,38734.82777079274,665,13,High School,Full-time,58382.87154202886
47,100785.15582421786,527,9,Bachelor,Part-time,63171.40879323076
55,77935.87157540486,735,12,High School,Self-employed,63224.96940029328
19,42201.79217980444,698,30,High School,Full-time,66408.19755831905
77,72992.46157666165,510,29,High School,Part-time,77531.15971547148
38,60504.234253818955,690,2,High School,Self-employed,51843.48154449256
50,54669.315929604854,798,29,Master,Self-employed,82535.34569431079
29,66053.0451121486,839,5,High School,Full-time,70245.2327291135
75,51081.41748520973,790,28,PhD,Unemployed,88691.63662872514
39,54807.02312154955,741,7,PhD,Full-time,59129.38332965582
78,66467.0503255793,560,32,Bachelor,Full-time,78237.12156312447
61,91049.0548349098,649,16,High School,Full-time,78265.43161604236
42,55023.89944439348,651,10,Bachelor,Full-time,52272.49198482016
66,40924.06670055688,819,12,Master,Full-time,66342.98528390555
44,9415.382898120231,619,10,Bachelor,Full-time,46534.04472854684
76,89226.06943927275,437,30,High School,Full-time,82018.97187386997
59,44735.1657485608,849,27,Bachelor,Self-employed,73186.78621205591
45,60696.18580162534,667,5,Master,Self-employed,52752.0793914429
77,88118.14473853988,519,15,Master,Full-time,62994.12715744464
33,54552.04641860983,636,3,High School,Self-employed,51665.04869762901
32,46106.594762450404,522,34,Bachelor,Self-employed,76335.70132757504
79,78393.45955087489,659,25,High School,Part-time,88951.58990249237
79,59214.74135127838,628,11,High School,Full-time,57689.595003543145
64,61722.11209446801,762,10,Master,Part-time,64128.77113679434
79,19536.782590564784,681,36,High School,Self-employed,81659.39487156317
68,74118.3041448517,468,24,High School,Part-time,71118.37593610704
61,57511.76135983291,516,17,High School,Full-time,66391.78596388975
72,22568.21240553752,677,18,Master,Full-time,60064.103736710436
69,59701.8822322655,418,22,Master,Part-time,55024.98157611329
74,8749.486521765008,489,37,Bachelor,Full-time,57409.204182640475
20,96839.50405025991,669,17,Master,Full-time,71744.28996978332
54,27962.904000364786,448,25,High School,Full-time,59099.130373901804
68,82235.85531436872,787,5,Bachelor,Self-employed,74963.74070974566
24,33740.889037626934,673,3,Bachelor,Self-employed,56019.07741821998
38,61204.51421941439,459,28,High School,Full-time,73526.8809274405
26,31757.434867810025,650,33,Bachelor,Unemployed,80841.42334801794
56,69942.3044379564,587,16,PhD,Full-time,63432.60966811849
35,45293.62516185496,587,15,High School,Part-time,52156.00846483721
21,59355.590924154196,525,1,High School,Part-time,49307.07393933403
42,50301.28763157989,822,33,High School,Self-employed,91278.79005067097
77,22686.704270326885,821,7,High School,Self-employed,55393.233152802524
31,60082.13719381069,572,12,PhD,Full-time,60561.49856130815
67,39935.25028668504,701,7,Bachelor,Self-employed,55646.50249829654
75,70906.25586015222,482,29,Bachelor,Full-time,80790.96105731347
26,45282.80383698646,787,31,Master,Part-time,90409.76907518072
43,48464.72181943336,423,35,High School,Part-time,73410.51830753175
70,83658.52928745873,713,29,Bachelor,Part-time,93976.57314905226
19,97632.735890159,471,0,Bachelor,Full-time,55410.13352917158
37,65720.67911424165,587,38,Bachelor,Self-employed,84760.3550740994
45,44257.198051532294,734,16,PhD,Full-time,69759.9827900254
64,42506.77343287712,412,19,Master,Full-time,45379.55668556683
77,33626.4602936284,421,23,Bachelor,Part-time,59407.39584956794
24,37495.23632892887,843,21,Master,Full-time,68425.95619984849
61,44527.80512992063,521,28,High School,Self-employed,68837.35797294985
78,89285.059339898,338,21,High School,Full-time,60459.74800983861
25,46055.566582929525,796,8,High School,Full-time,64383.614890250996
64,25478.939916037947,532,36,Bachelor,Self-employed,70074.05584517185
52,50833.30534250766,829,9,Bachelor,Full-time,57726.21181193564
31,53562.56851522129,448,35,Bachelor,Full-time,75572.26870965878
34,50712.70919700912,696,36,PhD,Part-time,83124.20887493917
53,65993.82445170415,601,27,Bachelor,Full-time,81253.88093957808
67,51380.11022718067,659,27,Bachelor,Part-time,75370.66151182623
57,65374.54984294658,537,20,High School,Full-time,68439.46987982416
21,34393.1329188457,535,23,High School,Self-employed,55280.09510057765
19,85614.58876290446,502,39,Bachelor,Self-employed,86837.71547173453
79,55049.5957668717,555,1,Bachelor,Part-time,42971.68554955609
23,58004.379408140754,534,7,Master,Full-time,55384.82622365501
71,34309.76212373395,644,26,High School,Self-employed,76879.81407614762
59,59436.53982532792,833,21,High School,Part-time,76455.103188884
21,63021.30113340608,765,36,Bachelor,Part-time,98540.63106331023
71,26604.6313234982,840,26,High School,Full-time,65133.00230842095
46,16818.16823224687,512,28,High School,Self-employed,52674.50346421261
35,55873.32047218931,762,2,Master,Part-time,52068.10386072292
43,40224.60353088935,735,12,High School,Full-time,54054.83761206319
61,55198.42938271459,582,9,Bachelor,Full-time,46741.586865876474
51,24179.2785820377,762,35,High School,Self-employed,82418.7781353003
27,18789.881712346585,706,8,High School,Full-time,47866.626025064674
79,54133.78926002154,387,26,Bachelor,Unemployed,63487.16376603201
53,43004.32478086295,343,33,Master,Part-time,66503.66086486646
31,7786.009576996432,760,0,Bachelor,Part-time,41663.8878389616
48,76861.97636215459,577,31,Master,Full-time,86197.40878939824
65,23846.858636324854,720,24,High School,Full-time,66806.3961596861
32,101466.49904220864,652,28,Master,Self-employed,85104.98277113387
25,37519.66542222843,814,6,High School,Full-time,63244.97053077251
31,58031.21136251997,318,2,Bachelor,Part-time,32363.802744850356
40,82938.9802077437,322,19,Bachelor,Full-time,55303.71256851098
77,79588.6785565765,712,19,PhD,Full-time,77587.01418795096
74,89722.72812453765,329,29,Bachelor,Full-time,67802.76384087873
79,19538.475222392935,407,34,High School,Full-time,58124.390656770716
57,27282.690049855057,666,34,High School,Unemployed,77205.07662277385
38,54519.9454818806,580,38,Master,Full-time,85097.6923407948
33,66794.94875795428,427,26,Bachelor,Full-time,62899.33429525813
62,49775.45113240724,528,25,Master,Full-time,63894.10847497844
35,17240.119285732224,410,13,High School,Full-time,44043.70080957088
64,59931.56317929598,435,16,Bachelor,Full-time,58211.46954245849
70,46114.97223531931,661,17,High School,Self-employed,74259.8168673385
41,45875.22082088267,485,28,PhD,Full-time,71913.20711497244
43,4440.991643788853,428,19,Bachelor,Full-time,47453.76283593635
42,65949.68408956629,560,26,PhD,Full-time,66845.56247459087
77,52904.08120570916,814,17,High School,Unemployed,77390.52611987987
77,85903.29113277927,748,3,Bachelor,Full-time,65905.45333134923
77,48509.84706937655,403,0,Bachelor,Full-time,31948.04510312172
62,61326.802610380444,782,0,Bachelor,Part-time,58338.11748577678
58,66636.36352210525,523,25,Master,Full-time,75866.96672968898
46,15076.768826776177,790,19,PhD,Full-time,65527.18860305391
32,102333.99893203186,772,22,Master,Full-time,86907.83067289926
62,41384.152241547665,309,9,Master,Part-time,40577.5402404274
18,59891.332042849695,704,10,High School,Full-time,59979.46190247509
42,62811.64013898303,601,4,High School,Self-employed,53976.907636516335
24,33704.31744019405,530,0,PhD,Part-time,35094.54489467254
26,86939.60662895205,365,16,High School,Full-time,59237.55073000748
41,55319.105387088646,411,21,Master,Full-time,61976.94649132914
18,45730.547261853324,312,33,Master,Full-time,57118.19557947651
61,52770.15924776885,692,28,Bachelor,Part-time,88157.02314571533
25,65285.043972180465,799,3,PhD,Full-time,53430.08284518166
41,50215.963296194,533,4,Bachelor,Full-time,42726.45057258391
28,67638.59820766479,613,10,Bachelor,Full-time,62792.638912008144
68,16302.557220645213,311,20,High School,Unemployed,43362.33799837011
34,35040.600203470196,508,34,Bachelor,Full-time,69409.80145818253
25,7223.993703813692,313,11,High School,Self-employed,28530.244596136396
52,89940.16313685892,717,25,Bachelor,Full-time,89884.79936769576
52,89679.84255369869,736,18,Master,Full-time,80548.6053788212
50,62532.321350659695,676,6,PhD,Full-time,65525.60269487244
76,29747.63858173937,319,6,High School,Full-time,35071.037145679824
22,97797.56544436648,369,25,Bachelor,Full-time,77153.39138833812
59,37911.71043736576,510,39,PhD,Full-time,71042.72951435765
56,45735.85746189672,400,4,High School,Self-employed,37323.8151165405
75,53190.66811461445,431,20,High School,Self-employed,56004.87069078081
58,59030.31884037939,680,13,High School,Part-time,59681.08877366649
45,62876.052034086366,431,3,Bachelor,Full-time,45213.63652995475
24,63679.23274948902,319,22,High School,Full-time,54365.54103594762
26,47109.51829292191,835,19,PhD,Full-time,78159.87463712775
25,63362.019035134246,526,14,Bachelor,Part-time,53957.647896068615
29,46215.846810086456,453,28,Bachelor,Self-employed,73109.95710723504
51,61586.06873744441,768,7,High School,Full-time,59394.15732827301
50,59945.8355566155,704,18,Bachelor,Full-time,72280.26235298683
65,65256.94581596242,501,38,Bachelor,Full-time,86586.38029672905
72,62759.33398041931,337,27,Master,Full-time,59824.59804312523
40,41151.352501774054,487,26,Master,Full-time,66957.74896769697
79,59174.203431180256,356,3,Bachelor,Part-time,32406.343040351996
41,63067.994758297726,319,14,PhD,Part-time,56130.98692340212
54,24177.51222102588,572,34,Master,Full-time,69923.99999113656
52,44519.11285537941,418,36,Master,Full-time,67273.67681676942
61,62162.27782436667,815,0,High School,Unemployed,57902.77448517283
57,84185.84989459244,520,2,High School,Full-time,57300.35131534133
39,66498.00372257468,825,23,High School,Full-time,81277.12465752022
44,85447.55973955191,814,26,Bachelor,Full-time,88587.47947475169
52,42032.53219646103,635,39,Bachelor,Full-time,82252.07667101962
18,55003.80984495286,354,35,Bachelor,Full-time,63316.33238963602
52,66114.70599052237,799,33,Master,Self-employed,101887.13133686579
54,3472.9657300044637,835,28,Master,Full-time,67959.91676292772
64,80216.06436229052,461,23,PhD,Full-time,74272.90323958917
31,12781.802382907073,458,23,Bachelor,Part-time,50781.891133110985
20,69938.80136556807,487,3,Bachelor,Full-time,43408.970157260585
18,63736.635810852924,359,2,High School,Self-employed,39041.21719719223
22,3208.139949702272,618,33,High School,Self-employed,68782.45588146441
43,4218.7748613400545,510,22,High School,Full-time,47824.32578297049
72,78649.63834905012,705,22,Bachelor,Part-time,86810.45623397018
31,74294.44119373096,408,4,Bachelor,Full-time,51795.90932202861
56,32382.727110234784,375,30,Master,Unemployed,63059.39240636209
44,32362.422099118714,841,5,High School,Full-time,54460.44276837062
26,60252.099447524415,613,36,Master,Unemployed,79326.41759534989
32,49745.11699023264,416,9,Bachelor,Part-time,41655.59707025582
32,71087.90431698228,318,39,High School,Full-time,77207.57599842828
43,59591.618488661734,731,6,Bachelor,Full-time,63156.419114260294
59,81660.6158791307,649,38,High School,Unemployed,84090.32773993697
77,69401.55555827453,482,37,Bachelor,Self-employed,81879.9006594236
30,64415.46098281155,412,20,Bachelor,Full-time,60715.08442145938
68,42957.50559392652,482,19,High School,Part-time,54599.530396600196
49,41493.575316763105,780,2,High School,Full-time,59904.44179010833
56,48964.82030589398,445,21,Bachelor,Full-time,60048.34646302255
66,86818.86139874416,412,3,PhD,Full-time,56196.617960027725
69,41874.505412204315,775,27,Bachelor,Full-time,77232.54902191013
78,55210.579741480324,602,11,Master,Self-employed,62350.56138497872
49,5103.941845853813,417,37,Bachelor,Full-time,67556.51452639374
21,63516.17460088161,460,35,PhD,Self-employed,83613.31962662778
47,95143.9656218628,700,4,Master,Full-time,62082.48171941517
54,31327.237814741504,497,12,Bachelor,Full-time,44979.790956710545
40,113488.84274253517,559,22,Bachelor,Full-time,82270.82929551156
56,53644.81209313307,346,29,Master,Full-time,64839.71630332156
62,-1458.6248276868864,698,36,Bachelor,Full-time,73894.18032676661
32,42289.23520064178,377,24,Bachelor,Full-time,51342.30719006385
60,76608.77126538166,423,26,High School,Full-time,70471.82394919918
46,89986.34412499607,374,13,Master,Full-time,48596.26657671813
53,64361.97096503367,436,35,Master,Full-time,83318.31631851956
30,81351.88841757935,699,38,High School,Full-time,94793.69532189034
49,26444.289170152933,804,15,Bachelor,Self-employed,63412.606450268366
24,36394.76825612184,799,21,Bachelor,Self-employed,70320.18190689625
76,16410.81435996419,437,20,High School,Full-time,52503.38218305633
68,37898.738480161934,349,20,PhD,Full-time,34632.08933706169
39,65238.37972871333,553,7,High School,Full-time,54138.462206984455
45,54253.11524766038,725,15,High School,Unemployed,66996.84078680963
19,67356.98073326364,846,30,Bachelor,Full-time,90238.91228202067
59,31269.719650065268,601,9,Master,Full-time,57062.04862319774
62,32489.499463762666,648,31,High School,Full-time,68710.20254484995
79,54092.204190498254,348,33,Bachelor,Full-time,70486.64214332779
74,37947.04389389369,373,8,Bachelor,Full-time,39815.37711169852
70,76036.9833632019,560,16,High School,Part-time,73118.69127163815
23,37451.62231245046,655,10,High School,Full-time,50649.541269847614
45,40092.21514137506,559,31,Bachelor,Part-time,67312.82004679373
45,58376.788277369735,594,9,High School,Full-time,61693.386020597914
61,42214.236165450144,612,21,PhD,Full-time,66390.8773912856
61,25301.11212925173,481,16,Master,Self-employed,39915.646905391724
37,28012.883503358225,663,3,PhD,Full-time,41857.33997869111
47,60755.31916813911,487,24,High School,Self-employed,68508.50901968204
79,22825.769708758795,842,20,PhD,Full-time,73136.55202036058
28,77943.28855097623,847,36,Bachelor,Full-time,98336.8332993281
75,36192.014313965,707,37,Bachelor,Unemployed,68636.32434510479
72,62324.31633936122,713,0,High School,Full-time,56963.41083049353
45,37391.74751940732,641,24,High School,Self-employed,61165.92080610232
42,31695.172400072697,519,35,Bachelor,Full-time,60371.85772940976
56,54922.07364580364,462,16,Bachelor,Self-employed,41414.99246882039
79,71035.66934031801,519,23,High School,Full-time,74330.60510308412
50,45052.64498279791,569,1,Bachelor,Full-time,43608.880746864204
18,48690.4529248508,699,39,High School,Part-time,87428.85397389397
74,66148.34722165602,481,14,Bachelor,Self-employed,64839.62598131061
44,66810.54500503113,504,31,Bachelor,Self-employed,79429.7869166247
79,49230.16559960518,527,38,Master,Self-employed,87200.54989349113
74,41130.40215029422,549,5,Master,Self-employed,37825.443284253284
69,51653.11918890064,740,0,Bachelor,Full-time,52323.182636900376
30,46181.77017223314,832,22,Bachelor,Full-time,69370.96417692986
58,56259.483036337035,495,38,Bachelor,Full-time,78480.93325162378
20,26114.591463084947,818,16,Master,Full-time,63491.298170092094
56,55543.63158717493,369,33,Bachelor,Full-time,71246.15766246784
23,35633.93167658502,698,28,High School,Full-time,73817.99890868501
25,68117.75222981005,502,8,High School,Full-time,56652.36136034259
44,36550.64301258969,447,12,Bachelor,Part-time,48832.39356947138
26,36897.80465618136,771,5,Bachelor,Full-time,65393.984783770116
79,58907.97648823481,498,5,Master,Full-time,45995.90967003982
54,50284.23777632394,725,19,High School,Full-time,65630.15782956529
50,95533.03252797676,791,2,Bachelor,Part-time,71440.32783497508
68,17413.947788914953,441,16,Master,Part-time,39262.78420097677
59,52197.05893909489,612,11,Master,Part-time,64668.92152391114
61,72592.98969944741,464,0,Bachelor,Full-time,43561.80671510806
41,38433.72154145398,613,16,Bachelor,Full-time,55352.23462306624
32,31788.8431052024,320,2,Bachelor,Full-time,25180.07432580513
76,32582.70704707343,381,25,PhD,Full-time,57416.89923148024
71,17760.77640699831,430,14,High School,Full-time,40039.49800594207
49,76994.0925462139,604,35,PhD,Full-time,85089.89366321225
49,43407.65316387184,670,31,Bachelor,Full-time,85849.0555372792
41,41039.45720399539,683,31,Bachelor,Unemployed,73180.98795788985
58,7518.038513396525,744,3,High School,Unemployed,42633.24192418393
69,21325.828550762304,724,17,Bachelor,Full-time,62859.27932327984
66,79307.79511038188,460,18,Bachelor,Full-time,56635.66298102919
79,56062.11332201157,477,34,High School,Full-time,77069.9365036331
66,73330.01659850212,789,39,Bachelor,Full-time,95173.46660214839
75,70799.8487965966,626,13,PhD,Self-employed,69653.86854314899
69,29987.59438854119,588,32,Bachelor,Full-time,65583.02325696747
29,98596.95457307938,653,13,Master,Part-time,78692.93153116811
79,88994.6519120246,327,33,High School,Full-time,81577.56090508094
56,38724.6711575393,342,3,Bachelor,Unemployed,36024.58397542581
19,-21364.105987197647,722,23,High School,Full-time,53947.35144503122
20,42869.35820111847,476,28,Bachelor,Part-time,63504.30274568705
66,54765.92524242897,828,18,PhD,Full-time,72947.67969105448
54,38645.61930448619,793,5,Bachelor,Part-time,63598.85924543137
66,45569.55806630566,497,32,High School,Full-time,67023.39131905348
73,33426.83927324411,816,39,Bachelor,Full-time,84642.72141412325
34,68432.69436707695,813,18,Bachelor,Self-employed,82506.65298528723
76,51272.664807371104,321,0,Bachelor,Self-employed,27451.11542627885
66,69030.28125885908,411,4,Master,Self-employed,40508.76689032709
19,74444.06692415875,356,26,Master,Part-time,58915.1987663988
19,6513.528718267058,365,15,Bachelor,Self-employed,32789.50941817753
45,34589.55578331794,397,5,Bachelor,Full-time,34813.29161551292
71,37519.41412718913,443,39,High School,Full-time,73621.28287646023
40,101427.44719377566,734,12,High School,Full-time,83884.7653796301
54,52980.107338006484,385,34,Bachelor,Part-time,71778.52181973092
49,66251.21192726129,643,18,Bachelor,Full-time,69071.00248041248
50,12386.164614509777,593,11,Bachelor,Full-time,43374.87100245434
18,52864.30904995043,542,15,Bachelor,Full-time,60510.08005956105
36,69565.85964232514,331,9,High School,Self-employed,52782.60870734039
79,67239.30170120312,690,24,Bachelor,Full-time,79303.36150777694
19,62467.98877832703,576,19,High School,Full-time,64194.742362446064
70,50260.01012990251,831,30,High School,Full-time,81663.67303354303
61,51231.37241250902,453,3,Master,Full-time,33793.38540169158
43,16134.676505804207,682,22,High School,Full-time,64271.75131195888
49,31989.342296257128,367,1,Bachelor,Part-time,31836.695307074922
23,54618.87912776327,513,21,High School,Part-time,65922.48136386229
49,35680.48386147589,675,36,Master,Part-time,79810.84792668249
72,63776.764940655696,512,7,Bachelor,Full-time,58767.70321165546
21,59335.651005297244,378,6,High School,Self-employed,40280.10282866509
72,77347.40509443988,680,13,Bachelor,Full-time,74980.567714368
28,69165.07652305142,357,2,Master,Full-time,40405.80848196771
73,54545.22818269136,325,15,PhD,Self-employed,44571.814631410714
76,64959.608681238315,746,18,High School,Full-time,77750.5341409603
34,70102.04324599312,365,17,Master,Full-time,58328.7935672179
55,39851.25428184035,553,15,PhD,Self-employed,56390.24008088674
41,43413.38003360396,343,7,PhD,Full-time,37580.406120362175
22,48063.47925213179,396,32,Bachelor,Part-time,66029.57836705536
69,40489.38911671301,526,11,Bachelor,Full-time,61388.6766993661
51,70313.73890126968,735,10,Bachelor,Part-time,73765.40489636177
23,37453.78916645392,678,4,Master,Full-time,52750.27122486373
39,75033.02942799649,477,26,Bachelor,Full-time,72918.90461941589
28,42660.53602239235,726,11,Bachelor,Part-time,65133.94680970105
65,59447.93285678716,606,16,Bachelor,Full-time,66724.3537389934
33,53328.302975257764,803,5,Master,Full-time,61279.51465644751
50,30480.403834166664,567,32,Master,Full-time,67976.29952392042
26,49602.20541018419,307,4,High School,Full-time,33826.07493474182
77,56672.870629011944,807,27,Master,Full-time,68499.7325093133
76,48714.14625779004,775,13,Bachelor,Full-time,67417.24807382522
23,23145.868829874318,596,4,Master,Self-employed,38301.380248410496
33,84028.58487052342,463,32,Bachelor,Full-time,88321.92545257145
46,51753.98965723472,784,18,Bachelor,Full-time,72822.91725122918
20,34113.948496729565,371,21,PhD,Full-time,43839.367451344064
37,82415.36046934548,537,4,High School,Full-time,55325.20737016305
77,62347.7961944065,403,1,Master,Self-employed,34623.73343300943
76,25996.600071967816,509,29,Bachelor,Full-time,64616.017100152676
53,29110.10507200243,767,38,Bachelor,Unemployed,86537.76834329816
36,45552.10560224315,753,3,Bachelor,Full-time,59104.82983621428
43,55946.13957699645,567,32,Bachelor,Part-time,73179.43291462612
20,62455.99662927844,685,12,Bachelor,Full-time,65156.83946992426
36,69003.56959057135,686,19,High School,Self-employed,67175.96190003824
37,60791.448128002856,558,6,High School,Full-time,55644.90834802443
49,76934.91957281991,582,14,High School,Full-time,68774.83177404659
24,52535.863193609395,339,22,PhD,Full-time,57189.78406322067
69,34807.212390435554,785,13,PhD,Full-time,62700.25887391537
58,49932.98260682053,519,22,Bachelor,Self-employed,65003.75923599012
50,48620.38679308416,428,18,Master,Full-time,62007.81157946823
57,-1564.3085932498361,819,28,Bachelor,Full-time,67055.23613681499
56,38772.66281808683,559,19,Bachelor,Part-time,59275.02476397647
35,56284.07465900901,665,28,Master,Full-time,72704.59090179566
57,41515.68869576428,843,23,PhD,Unemployed,73263.40180073763
18,37075.812763540016,823,17,Bachelor,Part-time,69761.81029452854
28,68227.52391609128,315,9,Master,Full-time,50737.924908336914
45,31669.08350449121,428,7,High School,Self-employed,36619.3209300895
74,64232.45300941646,408,25,PhD,Full-time,63490.15325626431
42,23345.110584234306,832,28,High School,Full-time,74569.10695274842
67,105215.23871452367,568,9,Bachelor,Full-time,66290.7882601355
40,45686.289461974855,461,16,Bachelor,Full-time,54230.744117136564
48,43534.694214078874,559,1,Bachelor,Part-time,34524.12003833044
47,72861.31805779837,401,5,High School,Self-employed,53313.09330067315
59,41625.90318387102,805,4,PhD,Full-time,53410.65946451401
52,79098.55616651333,546,27,High School,Full-time,81639.08427714469
24,57431.87660973053,836,4,Bachelor,Unemployed,56679.56999594978
77,47632.04198907541,430,17,High School,Full-time,56133.81324945371
33,45499.88193259249,652,25,Bachelor,Full-time,74609.68761885024
43,74151.84340860523,495,19,Bachelor,Full-time,67916.56338261104
65,54609.74429207006,681,26,Bachelor,Self-employed,71460.78067862206
74,58646.1746238154,526,11,High School,Full-time,56141.59333513501
69,60820.037452072575,775,6,High School,Part-time,57080.730311949825
77,52658.72370445382,776,2,Bachelor,Self-employed,55333.800835855225
66,60397.444526999665,564,9,Master,Full-time,60466.29886287653
19,47633.53154638019,671,33,Master,Full-time,84823.56909926776
18,49003.82736346848,785,24,High School,Self-employed,78027.06292174272
65,27617.70143946583,733,34,Bachelor,Full-time,74061.27755222554
79,55955.205018367946,510,15,High School,Part-time,60514.500066381355
29,15609.179865755592,676,1,High School,Self-employed,39579.660148216804
22,55671.16141221826,694,23,Bachelor,Part-time,62799.77043251336
54,44387.67967670371,749,9,Bachelor,Part-time,63679.4530345937
49,57491.70218901956,663,37,High School,Self-employed,87276.34648735741
76,29023.433318366482,756,21,High School,Self-employed,73519.2862354253
72,7612.85263922716,525,25,High School,Full-time,48057.50319755412
26,42982.69386052921,430,38,Master,Full-time,56511.28909217876
58,29081.746622858034,775,26,PhD,Full-time,74869.94327858333
52,14388.86633579035,576,28,High School,Part-time,62574.47828414697
36,65359.6653938914,455,37,High School,Full-time,70904.54148013516
65,82024.76454284081,517,19,Master,Part-time,64564.93163351921
33,34060.971284508996,489,26,PhD,Full-time,74444.38010395221
20,48484.58345557093,716,19,Bachelor,Part-time,67817.32196590226
37,43844.287666403754,845,18,High School,Full-time,77058.08118180222
41,36822.03156047594,340,19,High School,Part-time,43793.31033130086
71,63274.744277760416,606,34,Bachelor,Full-time,72830.90878906235
73,70202.82920857237,637,1,Bachelor,Full-time,53059.55752859218
50,32627.856214687916,613,29,High School,Full-time,68110.33406297585
41,50895.33734189807,374,33,Bachelor,Part-time,64969.210009227565
69,75690.66067867789,578,21,High School,Full-time,72033.99402607139
28,63780.724064299444,475,2,Master,Full-time,46205.55857751801
66,66753.94876800977,572,5,Bachelor,Unemployed,52875.5998741339
25,77359.70614884829,588,14,High School,Part-time,60287.88100491767
53,77096.903447465,571,26,Bachelor,Unemployed,80109.99499204919
55,70572.85260606132,365,9,Bachelor,Full-time,38674.99700520627
57,52898.74829562361,782,8,PhD,Full-time,52717.837202266084
37,42350.33965083816,547,32,Bachelor,Self-employed,75751.0043687593
79,52069.555306263705,455,31,High School,Full-time,71905.96795255589
52,39311.86627953263,346,5,Master,Part-time,33806.58305848961
65,10950.262539786352,753,35,High School,Full-time,68957.83623816054
79,44410.018683999195,500,1,PhD,Full-time,35783.45090182938
42,57150.524876744406,423,28,Bachelor,Full-time,64981.4237245908
52,38254.61164467642,300,3,Bachelor,Full-time,21496.91365053236
42,46144.40425522784,490,0,High School,Full-time,34648.17798645218
46,46919.265680665354,815,18,Bachelor,Full-time,76087.43139508301
35,77137.13548437777,741,25,Master,Unemployed,92327.6674667594
63,42811.254519501956,442,24,Master,Full-time,56846.202592557835
35,77132.66764366909,490,9,High School,Part-time,60422.24206468121
19,-4249.809836959474,832,14,High School,Self-employed,44754.75669597482
71,76957.11562658072,526,21,Master,Full-time,73684.39089354228
52,75948.12229725248,612,20,PhD,Full-time,69364.69461553835
33,68045.09346778384,601,21,High School,Part-time,73000.256123875
78,9761.63993592457,759,35,Bachelor,Part-time,74639.72988957883
58,70377.73990444961,700,33,Bachelor,Part-time,95715.39202025405
53,48997.61648649499,692,29,Master,Part-time,73927.10670424892
50,-586.7487984932013,506,24,High School,Unemployed,52262.00684826119
21,75963.55415669392,509,27,High School,Full-time,73841.5289305255
50,78883.46157097936,414,0,Master,Full-time,43573.511081245495
31,11909.758562696574,550,3,High School,Part-time,33153.658103012924
38,53508.42150600226,518,6,Bachelor,Full-time,43724.16092933011
65,77771.82242888365,706,8,Bachelor,Self-employed,66561.05189913174
37,74603.22626914294,742,35,Bachelor,Full-time,94167.72677013378
73,66721.22102319048,653,18,Bachelor,Full-time,71872.56754899079
25,-2945.0575979501737,849,0,Bachelor,Self-employed,41989.008449079265
24,64590.85533271628,441,9,High School,Full-time,54417.22934787606
20,45637.92203252114,800,35,Bachelor,Full-time,93308.9196899932
34,69917.15057436988,846,8,Master,Full-time,66022.02856317196
50,55123.229168676495,841,31,Master,Self-employed,93930.8312535568
65,49602.3677942227,806,31,High School,Full-time,80249.02820271754
29,62818.07698818472,580,5,High School,Self-employed,55784.70253714409
76,46561.73257856484,723,37,High School,Full-time,90217.21369708379
68,49514.45440216116,569,16,Bachelor,Part-time,49747.75186233583
39,38895.52001742476,453,9,Bachelor,Self-employed,43783.55223787448
72,17891.820176308753,382,26,Bachelor,Full-time,48125.06548609105
39,61357.06947542543,725,34,High School,Full-time,84863.29455295076
63,33879.3936065886,574,20,High School,Full-time,65618.0797354716
47,45984.16267918532,583,24,Bachelor,Part-time,63676.85310056849
55,55739.479169078666,472,27,Bachelor,Full-time,63289.95910513335
55,8295.64712869122,626,14,High School,Part-time,48167.16883863283
62,12773.02192646353,362,3,Bachelor,Full-time,28359.85530943114
68,44005.22846781594,372,28,High School,Full-time,59093.32561029415
71,59091.26964599312,674,8,Master,Full-time,65259.233622144195
25,64880.76541298322,807,26,Master,Full-time,88469.10793371542
44,18173.71008248186,697,25,High School,Full-time,54411.0564260874
44,62732.629688256304,419,18,High School,Self-employed,55122.45408894185
51,45098.60763367327,736,27,Bachelor,Part-time,74520.3717933435
38,32336.855098070457,764,16,High School,Full-time,66297.86129656826
47,37028.962878812585,585,19,Bachelor,Unemployed,46234.60358177321
50,66037.14664080333,564,39,Master,Part-time,99756.19253582961
45,55480.11570171143,619,38,Bachelor,Self-employed,88249.16518498448
64,51006.13045510641,675,22,Master,Full-time,71796.22315612038
50,54869.914776157995,388,31,Bachelor,Full-time,72768.81301494314
22,68561.95553232387,502,32,High School,Full-time,89386.8569237603
77,48058.00865193354,633,4,Master,Part-time,54421.135818522074
78,51086.37772908473,521,33,Bachelor,Full-time,79119.97880108352
65,72763.4148027561,340,39,Bachelor,Full-time,78482.47456314875
36,43368.26751473683,367,10,High School,Full-time,40652.851487586304
21,62362.81190561363,813,2,High School,Full-time,58979.866351659584
52,39925.91038653717,426,32,PhD,Part-time,61147.21315738844
66,41682.65317176431,554,10,High School,Full-time,46769.7254530318
34,47919.004864007264,315,15,PhD,Full-time,38372.92163748726
61,60305.45705973531,776,17,PhD,Part-time,73512.27986449547
45,73883.63925102138,361,29,Master,Unemployed,60791.75388917448
47,51930.9052707755,731,9,Bachelor,Part-time,62083.8542019512
46,20003.261773529113,567,17,Bachelor,Self-employed,51169.32549184703
63,62628.92587067875,334,37,Master,Part-time,73223.35425313706
70,99076.84348291418,793,18,High School,Full-time,84762.39519477429
23,52173.37662134701,768,35,Bachelor,Full-time,104436.3148373066
52,15824.647216408412,624,12,Bachelor,Part-time,54747.97366582409
77,53393.05778941703,603,2,Bachelor,Part-time,41945.20483640149
58,49939.74793632321,575,9,Bachelor,Part-time,53896.26481803145
54,48257.82313275221,500,37,Bachelor,Full-time,73437.31622513905
41,68908.19799954265,744,0,Bachelor,Full-time,52800.060766325725
46,77565.49572671448,623,26,Master,Full-time,73719.28836239467
66,63671.71490402166,334,7,High School,Full-time,44962.59792500277
63,47338.83830657863,781,16,PhD,Full-time,65844.75031662572
70,72513.57568739259,779,8,Bachelor,Self-employed,73543.2028263438
48,20123.407175715187,364,5,Master,Full-time,34205.93322536675
52,35678.87758532011,307,24,Bachelor,Full-time,56923.23520165328
77,37907.444427965405,600,38,Master,Full-time,75110.2994980191
50,49380.98704136131,642,27,High School,Part-time,76291.12416586844
69,60134.69324973675,730,32,Master,Full-time,89702.67905813252
78,45985.74103325432,723,36,High School,Full-time,83574.83143445647
38,31879.284109954504,631,8,Master,Full-time,45254.925446021974
49,69497.0056939226,737,17,PhD,Full-time,82746.70503705664
40,45290.86555590612,473,20,High School,Self-employed,58374.73904543211
50,52042.57841742067,826,1,High School,Self-employed,61092.61227878489
20,61021.35490951816,325,37,Master,Full-time,67446.02641371581
35,50777.55215845894,705,39,High School,Full-time,83386.84331492672
42,50865.433894885806,531,35,Master,Part-time,73962.38129600519
59,70609.4684087166,832,36,High School,Full-time,98162.73358566499
48,53027.38949140753,849,14,High School,Full-time,67037.11681333551
71,67255.93971580979,804,27,PhD,Full-time,87327.55787149102
75,60893.34888636779,478,17,Bachelor,Self-employed,50725.47872556784
20,90337.75088373832,431,33,Master,Full-time,76051.08815277214
57,58188.26835738261,754,21,Bachelor,Full-time,79511.03674859916
63,62759.46540301546,647,10,Bachelor,Part-time,64196.792222294105
41,72033.13427992736,839,12,Bachelor,Full-time,73600.55645704389
67,51272.355199003396,705,3,Bachelor,Full-time,48542.885014316256
49,37242.93806541118,375,21,Bachelor,Unemployed,45785.8636619933
64,40517.08837753086,791,6,Bachelor,Full-time,55838.78528355269
39,40709.86148995024,493,23,Bachelor,Part-time,63085.55090521153
40,30993.380636065634,461,3,High School,Full-time,39989.24264754131
19,56356.10338403768,646,27,Master,Full-time,73724.17233780146
44,37409.66903901832,660,14,High School,Full-time,52455.43858178158
59,53897.05642403694,386,0,Bachelor,Full-time,36808.33511654275
19,46826.51112578728,561,2,High School,Full-time,39980.27848460693
43,49167.5701341497,513,13,Bachelor,Self-employed,50809.0078459389
34,61121.132956577116,561,37,Master,Full-time,90012.72033915832
57,39162.017512229046,582,0,High School,Full-time,44984.182396497556
50,62777.820918735466,766,37,High School,Full-time,94923.2178368779
26,81346.15733277904,679,37,High School,Part-time,88994.2521942701
60,56862.181659035174,661,20,Bachelor,Full-time,71165.63733506385
71,34358.08629455062,748,28,Master,Full-time,81020.71234230282
65,37699.63977320408,740,4,High School,Full-time,50431.72360313355
56,45034.74198429769,392,9,Master,Full-time,48865.99304522288
46,38102.194058608686,723,27,Bachelor,Full-time,81044.38466517364
59,30176.393807799006,441,20,Bachelor,Self-employed,59421.58230305707
72,53088.14553923384,590,6,PhD,Full-time,52952.659294426914
43,45576.05336548402,731,2,Bachelor,Full-time,55159.77450867527
52,53794.417671161165,348,19,Bachelor,Full-time,59609.2617430038
67,73727.74824430575,601,18,High School,Self-employed,72405.2941586366
42,45272.943321512816,489,34,High School,Full-time,69525.71245750278
41,26291.599906393778,435,3,High School,Full-time,30394.765789278827
30,42022.150154928975,703,4,High School,Full-time,52949.419815347384
77,65408.504342332846,640,0,Bachelor,Full-time,45169.74419296876
75,63535.4054143391,617,3,Bachelor,Full-time,52194.327047480765
24,60372.79295227134,662,11,Bachelor,Full-time,67694.57347683267
74,37505.865536757934,681,26,High School,Full-time,60345.49040520097
53,65038.052360653965,532,22,High School,Full-time,75783.82621716877
62,69537.98156074132,643,24,Bachelor,Full-time,82623.2655617382
37,36091.56740220048,848,20,PhD,Full-time,70928.64714150777
18,49168.59804914951,828,23,High School,Full-time,81867.5335541039
25,90408.03927364224,482,24,Master,Part-time,75238.15041662431
63,35202.51447073225,340,31,Bachelor,Unemployed,64710.70618341309
33,15898.266615125503,696,31,Bachelor,Unemployed,75482.89569838736
31,77658.08868929598,793,4,Bachelor,Self-employed,59947.07299087375
29,72732.0954340912,632,35,High School,Part-time,91355.94069754824
68,40860.6535284515,426,38,High School,Part-time,70530.05679031921
40,47740.16436263827,300,15,Bachelor,Full-time,44736.212161381976
32,25501.298996220954,467,32,Bachelor,Part-time,59359.530194017214
45,51779.04545219404,318,20,PhD,Full-time,60174.39898126239
51,73318.27430742802,631,8,Bachelor,Full-time,66745.79139174128
19,39147.90316483444,755,5,High School,Part-time,50795.51512958549
49,67542.03957572585,408,34,Master,Full-time,67989.55883816659
40,59274.47714780864,567,38,High School,Full-time,82203.97998945335
39,61556.33781762279,744,21,Bachelor,Self-employed,78839.41457574337
68,40313.81638827264,539,4,Bachelor,Full-time,44245.1741362129
42,42907.51634133011,600,22,PhD,Full-time,71137.91902624026
75,13064.551310571966,402,16,Master,Self-employed,43968.96400407585
79,38666.611749797885,549,11,Bachelor,Part-time,54897.8286537039
78,73269.70916062518,752,22,Bachelor,Full-time,83215.18975123974
39,31413.35611795453,819,15,PhD,Full-time,58427.51318433141
75,34393.9669228619,452,2,High School,Full-time,33939.69742112406
75,62803.79647414248,473,29,High School,Self-employed,76791.58764178607
39,58055.36583986187,642,21,High School,Full-time,70258.99510933533
66,63797.26499592601,730,8,High School,Full-time,66154.63134189653
69,26735.589198191923,623,28,Bachelor,Full-time,65576.93518322692
59,101281.15898600692,719,36,Bachelor,Full-time,97185.28845309286
23,25684.932516654993,784,22,Bachelor,Unemployed,68288.75943476595
32,53084.94627468136,711,12,High School,Full-time,65020.72109756767
71,46826.89008262827,383,31,Master,Part-time,60919.628427481264
60,26267.16965269905,412,22,Bachelor,Full-time,49301.59467152637
77,42595.811543735006,631,16,Bachelor,Part-time,55631.42725319059
54,50466.152017717395,677,39,Bachelor,Self-employed,93586.0701931357
50,37000.5357627306,340,20,Bachelor,Full-time,46627.88194087901
25,68744.47243069699,404,1,High School,Full-time,49087.11945484001
70,46767.485090750575,501,36,High School,Full-time,82723.98477992971
77,23174.506579634268,749,5,Master,Part-time,48997.12215028157
61,21477.48934661406,565,17,PhD,Full-time,46651.00314124747
61,62123.301812229125,509,29,Bachelor,Self-employed,62657.50115500206
22,20264.584345993277,417,21,High School,Part-time,40569.18993866403
56,56328.521460981676,676,32,Bachelor,Self-employed,75829.38231380121
21,58893.10371333918,839,29,Master,Part-time,95510.27925130927
23,30092.89272151966,383,16,Master,Full-time,44756.990752590624
62,67814.76167549781,753,31,High School,Full-time,90942.45112310929
49,15644.127524767355,813,13,High School,Full-time,47241.133212754576
69,55929.17867997117,686,9,Master,Self-employed,54088.921457905046
47,49182.84132807983,649,35,Bachelor,Part-time,86640.25128065539
64,47620.040485382124,595,33,High School,Part-time,78469.88270752756
52,26442.067140388546,557,8,High School,Full-time,43046.593748688574
72,31259.559912001485,380,27,Bachelor,Full-time,58202.079766601055
57,82376.04050041195,567,10,Master,Part-time,71241.80118080266
69,74303.10017743507,718,13,PhD,Full-time,70085.71773554527
33,64841.69177047597,534,38,Bachelor,Full-time,84499.35654443315
30,68796.96207059376,610,18,Bachelor,Part-time,70102.07321483464
67,66920.27089342538,656,14,High School,Full-time,78836.62944439758
77,43532.875754275825,512,27,Bachelor,Full-time,55163.08140418762
59,50952.07103628702,348,23,Bachelor,Full-time,59101.73638483015
47,20549.832439179823,426,7,Bachelor,Full-time,33890.93848795863
36,48206.08746384948,522,8,Bachelor,Unemployed,51395.68487007574
34,73668.28499078374,578,32,High School,Full-time,79713.62272726149
73,36785.85503485729,707,32,High School,Full-time,78140.93135616493
36,70462.82409374452,804,18,Bachelor,Full-time,82895.90012545083
45,51831.71477387526,593,2,High School,Part-time,62764.06543738178
75,22292.562686605354,576,9,High School,Full-time,48527.94975299196
72,27853.60973307377,737,39,PhD,Full-time,79965.7549297696
43,68386.0573941551,406,0,Bachelor,Full-time,38697.01880813301
54,61050.481705167695,719,28,Bachelor,Full-time,79998.07396963105
43,52035.28145975251,728,33,Master,Full-time,76032.36857477567
70,44519.36371504109,674,12,PhD,Self-employed,57405.35815600514
79,54211.35955257171,372,0,Bachelor,Self-employed,38527.553274880236
40,67605.92498506498,329,33,Master,Full-time,63360.616900135516
26,79517.0656097457,487,28,Bachelor,Full-time,81447.53293817668
29,80473.68398881209,663,12,Bachelor,Self-employed,71730.97930206532
70,57439.19801516996,750,28,Bachelor,Full-time,79060.5927946958
18,46561.36619270959,494,38,Bachelor,Self-employed,75960.76167112363
75,52924.960156377114,455,23,Bachelor,Full-time,69619.0970851183
75,60442.40714510159,471,25,Bachelor,Self-employed,70350.46121105981
18,60361.33887690183,340,16,High School,Part-time,51152.31993756128
64,76159.7327428021,362,6,Bachelor,Self-employed,45759.50323803571
51,92315.1144383331,322,12,High School,Part-time,56177.57968375823
49,45894.907407718274,659,4,Bachelor,Full-time,48159.654432603966
79,93117.69817648924,374,25,Bachelor,Self-employed,61111.56192435169
71,73444.78493516787,417,2,Master,Full-time,55094.32503322401
65,47983.54019629584,679,6,Master,Full-time,55121.68705488576
42,79971.2967773016,589,38,Master,Part-time,93432.12535880317
57,83712.96602838329,739,0,Bachelor,Part-time,61774.351059130444
62,40794.09111612306,306,16,Master,Self-employed,39862.64333121398
70,84644.30504971296,495,24,Bachelor,Full-time,73213.66911017003
18,71501.65642071927,720,2,High School,Part-time,51453.52311524423
33,97371.18255958383,492,14,High School,Part-time,79196.78725814167
78,41519.22836001002,447,28,High School,Full-time,56633.20851589103
56,42931.46512528008,501,31,Bachelor,Full-time,63769.60811834813
22,9466.757405133198,743,25,Bachelor,Full-time,62788.73119960796
39,61423.87841135924,718,15,Master,Full-time,75767.54214766965
46,57505.025112374366,726,24,High School,Unemployed,77624.05253002558
72,38740.126569286665,778,27,High School,Part-time,71341.35899063369
20,48362.98537023884,774,8,PhD,Part-time,67480.58741485835
29,23775.579796497695,425,0,High School,Unemployed,32037.677072876715
43,73968.89905663372,694,28,Bachelor,Full-time,87582.84450307238
33,40206.0105094338,624,21,Bachelor,Self-employed,67840.47435868434
68,111880.98031241902,691,15,Bachelor,Full-time,95086.10359663796
54,46487.97398577935,739,6,High School,Self-employed,67821.86667091436
39,34807.623179033806,503,13,High School,Full-time,45158.71023869367
74,41753.73762530276,785,28,High School,Self-employed,87895.54625164659
46,21760.780469114972,330,18,Bachelor,Full-time,42944.075089529
31,59645.437814058845,687,18,Bachelor,Full-time,72739.11042490641
45,41602.006004417555,733,1,High School,Part-time,41669.247643108625
22,72625.05580795475,675,14,Bachelor,Full-time,68685.58791544545
64,44505.05009651165,643,2,Master,Part-time,43437.39707727067
66,77688.84223371293,742,10,High School,Full-time,74546.94674458043
47,65149.11498634082,374,29,Bachelor,Part-time,72600.13699791627
63,50571.93553436688,454,39,Bachelor,Full-time,66499.1489052285
79,81604.65174701643,729,17,High School,Full-time,77821.22120408357
69,69045.86922074419,662,1,Bachelor,Full-time,60423.068290194526
22,108924.2565332645,747,31,Bachelor,Full-time,100093.88214841213
29,41810.89510043591,533,7,Master,Full-time,49838.58675514259
33,51532.32210916921,561,21,Master,Full-time,66265.52397088618
43,81374.1802202186,424,5,Bachelor,Full-time,52320.55522582871
43,19129.243763297753,544,11,Master,Full-time,42582.19823864784
65,76338.87126465124,841,39,Bachelor,Full-time,97868.75735871683
38,58786.055153629415,784,35,Bachelor,Self-employed,86228.16580896369
56,32235.784891055042,421,14,Bachelor,Full-time,48267.4980395931
53,22739.20682897757,424,27,High School,Full-time,55119.053326287685
50,36550.21053739432,848,17,Master,Part-time,69672.50193818216
79,4303.608553488557,469,1,Bachelor,Full-time,23621.632354434805
47,40209.211126169925,423,12,Bachelor,Part-time,43686.81911044722
54,62451.12666685163,334,14,PhD,Full-time,54669.896972496186
40,40473.987180623444,386,19,High School,Full-time,48765.9757448469
75,77766.25402867617,500,28,Bachelor,Full-time,69624.552642095
27,83198.95205450576,668,28,High School,Part-time,90077.94449405259
71,75512.88965251549,376,2,Master,Part-time,42429.48357643106
22,54612.8182052873,358,18,Master,Full-time,52440.82478925007
53,3506.414550270616,730,2,Bachelor,Full-time,47589.81589707873
51,35926.050159347884,799,13,Bachelor,Unemployed,63625.01226105183
69,47159.22946451226,408,39,Bachelor,Full-time,74993.6872049473
48,32122.647009903783,577,3,Master,Full-time,35592.17664647951
27,47209.890490268575,367,10,Bachelor,Self-employed,41414.61988532577
75,82201.34937386759,368,30,Bachelor,Part-time,76108.03503820328
36,17084.469409693636,464,31,PhD,Full-time,51548.47215370188
75,86233.84112238053,788,26,High School,Part-time,92274.37780229271
49,67694.52843508274,604,29,High School,Self-employed,80012.31389374885
18,55364.33616555391,664,1,Bachelor,Full-time,51015.73812760337
73,35727.66888518473,678,8,PhD,Full-time,57804.095158846634
22,32520.99309017149,642,27,Bachelor,Full-time,70528.49050129406
62,17475.645708225205,653,30,High School,Unemployed,75283.05320424978
21,84335.30960628774,715,33,Bachelor,Part-time,89082.64530391614
33,80752.23120148083,408,14,Bachelor,Full-time,59305.292196535986
41,21874.307428334356,796,24,High School,Self-employed,70784.62616045003
33,38947.440101875975,640,35,Bachelor,Full-time,73337.9595617874
72,58662.89538463817,682,7,PhD,Full-time,63480.343625848174
19,44009.81723655584,832,8,Bachelor,Full-time,74426.31170023084
66,11626.504859363646,599,36,Bachelor,Full-time,69352.92108538994
45,36844.54478888623,438,38,Bachelor,Self-employed,73478.4688780347
49,89020.68596040038,658,31,High School,Full-time,91028.79816719676
44,38200.42819171112,798,16,Master,Self-employed,63792.205107977454
37,46730.65326595586,684,34,Bachelor,Full-time,73115.39459077668
41,27096.451519292386,579,36,Bachelor,Full-time,69550.0680403109
29,61755.25970567496,782,18,Bachelor,Unemployed,68666.78600694382
67,52303.03598049167,410,28,Bachelor,Full-time,72711.42118444308
52,35159.60516886043,438,6,Bachelor,Full-time,37872.333081041936
77,23906.8920838515,734,27,High School,Full-time,69142.47097991958
50,78090.86748021751,808,8,Master,Self-employed,76273.02936800428
50,17889.131867178396,572,27,PhD,Full-time,55357.98404587408
78,60076.3139117911,398,5,Bachelor,Full-time,39088.573983514565
68,6922.415105768538,403,28,PhD,Full-time,50567.085877973666
60,64144.23366024765,513,16,High School,Full-time,66037.1150551917
54,69405.97774520122,464,15,Bachelor,Part-time,61530.21854940431
29,71895.67423279826,819,22,Bachelor,Full-time,85760.32798241888
20,46775.830628602635,583,30,Bachelor,Full-time,73573.33786476086
18,81680.07211127391,816,2,Bachelor,Full-time,69305.20091101604
50,96155.83389992136,463,20,Bachelor,Full-time,73005.01469562268
57,43567.53727908074,363,25,High School,Self-employed,51070.399809839546
27,40979.899397401445,390,35,Bachelor,Full-time,67024.36592738618
60,52983.545206898714,416,36,High School,Unemployed,67326.62026748084
61,40446.39708211586,566,21,Master,Full-time,61839.331839138875
46,37522.596079797586,439,11,High School,Full-time,41803.53911649807
30,39265.229195169806,545,12,High School,Self-employed,63726.47687246525
29,84315.1201601249,694,10,Bachelor,Full-time,69795.06412927891
48,65437.639900708644,786,15,Bachelor,Part-time,66910.09413890465
63,40381.077454838174,775,7,Master,Unemployed,57193.42218306683
19,897.4994855542827,816,39,Bachelor,Full-time,82666.04357385573
78,19110.71012787065,483,39,Bachelor,Full-time,77250.03276912382
68,60068.58165203755,319,1,Master,Part-time,32023.312495917668
67,7568.88117222365,823,29,Bachelor,Full-time,64508.524481548906
52,55859.870549039115,828,29,High School,Full-time,91242.14622186664
40,28688.72550269949,446,11,Bachelor,Full-time,35003.624121311586
34,51836.11549161347,603,9,PhD,Full-time,52520.05743994661
43,51277.126026682854,527,10,Bachelor,Part-time,50445.03538044989
25,52411.798677814215,401,14,High School,Full-time,49425.37233684373
46,42111.56305842959,716,15,High School,Full-time,66879.29120290055
43,41454.28748784536,515,16,High School,Part-time,50768.11483492167
27,35584.191621271224,706,25,Bachelor,Full-time,69606.61122554756
43,59677.8463448378,698,1,Bachelor,Full-time,53732.002138704396
79,66103.85349561897,798,11,High School,Part-time,71479.14583627963
51,25620.549549277475,764,25,PhD,Full-time,71375.30073832284
68,48967.43055415461,381,22,Master,Part-time,57920.25804235928
58,53931.64146975476,664,17,Bachelor,Self-employed,70598.68998913512
24,53675.422692460845,462,31,Master,Full-time,72165.7973859931
21,53335.392391930356,347,37,High School,Full-time,72618.5453351252
75,41959.30379309551,810,2,Bachelor,Full-time,47176.675304196266
70,55580.608509250786,628,37,Bachelor,Full-time,85325.32104860364
67,62360.5742196724,415,2,Master,Self-employed,43855.710005909765
62,52820.73311645129,636,29,Master,Self-employed,80290.92590778765
28,60118.79673067448,446,0,High School,Full-time,36873.88514803337
46,69807.06822075014,622,29,PhD,Part-time,77746.92409178181
73,12981.192842094642,742,31,High School,Self-employed,69123.8544762104
53,68869.27683730735,312,27,Master,Unemployed,65942.85255064892
42,56848.55530442549,793,20,PhD,Full-time,81873.97186594868
38,27767.493445225467,586,12,High School,Full-time,47592.94749710963
78,66049.41764639378,413,26,Master,Full-time,71004.63686205339
74,42033.58187952077,779,35,High School,Unemployed,87177.4736096792
53,44760.67127362894,321,6,Bachelor,Full-time,34856.7724962765
27,39846.40435068676,648,21,Bachelor,Full-time,64297.000156116184
54,56047.97688476449,619,9,Bachelor,Full-time,60497.44988844014
26,34292.93714975894,425,38,PhD,Full-time,71165.77022886304
41,68029.49259895572,576,14,Bachelor,Full-time,74587.9749179249
52,47222.74825610657,503,14,Bachelor,Unemployed,49055.70126184535
66,42715.95033024125,493,3,Master,Full-time,43055.29360922225
52,65057.5135522794,846,31,PhD,Full-time,90171.24901662626
65,43608.864753618385,585,22,High School,Full-time,59986.2244911423
53,68963.53650724603,356,5,PhD,Full-time,43434.72526699895
35,69591.85901681731,602,23,High School,Full-time,74664.32010208038
66,23303.92323562046,462,19,Master,Full-time,63682.0447459866
56,72185.20404445849,318,36,High School,Full-time,72634.83213492153
49,20759.280569962288,669,19,High School,Full-time,53026.89052356527
41,73431.61053765021,563,11,Bachelor,Full-time,62544.536748766994
40,90567.14384460478,412,32,Bachelor,Full-time,69396.94296564959
79,67496.68876538263,787,27,Bachelor,Unemployed,86139.22271659346
49,6860.387106006536,626,7,High School,Self-employed,40438.24254327776
54,71271.31438772037,841,0,Bachelor,Full-time,67404.39623104216
29,94922.57931872024,364,36,PhD,Full-time,87544.88504275531
66,43939.367180039415,591,21,Bachelor,Self-employed,61213.96205947323
72,49305.9335994022,324,5,High School,Full-time,35238.710006671
30,26230.26556147136,848,20,Bachelor,Self-employed,66438.47551538805
40,56241.58837639338,300,31,High School,Self-employed,57232.16373887955
42,75383.54365086259,848,34,Master,Full-time,100564.53699216196
52,63954.74256298908,440,14,Master,Full-time,48818.495025913726
58,112839.33954575597,487,4,Bachelor,Unemployed,60128.667360867476
47,50660.540859315945,427,5,Bachelor,Full-time,36572.2924582986
34,17386.532651694713,500,24,Master,Full-time,56964.37572695972
66,53419.41943136438,426,39,Bachelor,Full-time,85332.97632574175
79,1670.9646957502046,556,28,Master,Full-time,49793.349494708404
37,39337.92150270972,846,6,Bachelor,Part-time,50836.28403632507
65,82487.64117200424,493,39,Master,Part-time,87771.85792485093
42,56502.672972635424,403,12,Bachelor,Unemployed,49179.290871579426
39,53588.33625662538,834,37,Bachelor,Full-time,95869.7974107741
30,86415.60753430713,564,17,PhD,Full-time,68893.07968412043
76,44588.0021667326,683,1,Bachelor,Full-time,47523.20415589262
36,75236.40825868218,559,7,Bachelor,Full-time,59358.474530307656
66,52586.139503326805,713,10,High School,Full-time,66627.99631422224
53,57600.94926918052,657,32,Bachelor,Unemployed,72355.04092916274
29,25653.90288273974,374,37,Bachelor,Self-employed,61551.47366966461
78,40359.06410343567,654,26,High School,Full-time,71876.76320073602
58,22049.63534312253,487,19,High School,Part-time,45375.010079883075
36,48095.0984354931,589,11,Bachelor,Full-time,63534.37768948443
29,57808.04687832534,344,30,Master,Full-time,61365.36466235392
26,27799.23789817096,382,26,Bachelor,Part-time,53233.30793441487
24,90983.57845369646,422,31,High School,Full-time,82175.1840203204
45,55562.12038183922,657,9,Bachelor,Unemployed,55562.21217054229
31,51155.911711704386,827,2,High School,Part-time,49463.90827448924
48,65393.1550269125,365,26,Bachelor,Full-time,61724.67387349108
69,33421.43838268156,674,34,High School,Part-time,82873.63429443967
36,53269.549583349064,461,30,High School,Full-time,67346.38924107901
75,35662.67559284817,679,14,High School,Full-time,54416.63117055956
64,81173.59820177965,657,15,Bachelor,Full-time,76830.4405080475
33,28827.21301205837,487,12,High School,Full-time,43344.28942350225
70,51263.30918614347,621,34,Bachelor,Part-time,77878.18868759194
22,56586.315703035514,749,10,Bachelor,Full-time,65173.1751592272
52,57896.51488815403,773,20,Bachelor,Part-time,79872.70551454015
29,38375.296538343355,312,10,Bachelor,Full-time,49021.15662016573
42,32089.811957098045,483,29,Master,Full-time,66913.12412541652
69,38664.09653907802,410,34,High School,Self-employed,71898.42879366512
76,60566.50868420565,807,21,Bachelor,Full-time,76990.12161032243
38,47123.084581760726,589,37,High School,Full-time,75457.58484468084
53,65924.17616905044,594,30,High School,Full-time,79788.90959881074
70,59540.07438790146,750,13,Bachelor,Full-time,68897.87189266842
40,4461.746038007848,514,23,Bachelor,Full-time,44645.96010457937
33,54949.95593674422,326,31,Master,Part-time,62908.5141315032
74,95009.0953563254,530,35,Bachelor,Full-time,91999.31661549328
56,76505.38102076662,620,31,PhD,Full-time,86753.58128132038
62,58440.26321413937,532,14,High School,Unemployed,60653.51823116317
70,28812.15739060112,736,34,High School,Full-time,80898.47086786755
59,59551.07432251292,832,2,High School,Self-employed,58930.27900040359
75,64794.99879756518,702,15,High School,Full-time,66968.99650602533
56,44925.06638344832,352,4,Bachelor,Full-time,29082.76292506512
31,56334.841176088754,612,20,Bachelor,Self-employed,76424.3275487521
48,80193.24916792082,580,9,High School,Full-time,62125.22657347271
75,32854.511605165484,330,18,PhD,Part-time,43232.08820257539
22,28834.00790081746,636,24,Master,Full-time,59806.24196298295
52,63853.98651988425,482,3,High School,Full-time,60934.485467604165
40,59150.85272396161,322,28,High School,Full-time,56478.615656074006
46,70576.76590825623,843,18,High School,Full-time,79178.79014444651
60,61395.87623807539,745,1,High School,Self-employed,58747.94705285292
28,38644.89873651612,373,9,High School,Full-time,42244.534449676226
35,58643.8530293081,309,24,Bachelor,Unemployed,61832.81618487085
64,27157.469134076528,783,19,High School,Unemployed,75335.28327906928
29,44993.625765340126,755,18,Bachelor,Full-time,71778.8760069056
26,60055.98461932808,459,22,PhD,Full-time,57686.641385965086
27,42789.715665522206,313,23,Bachelor,Self-employed,50202.189074047754
75,99361.04364459653,477,10,PhD,Unemployed,65197.47495594838
61,12156.315023526666,711,33,High School,Full-time,82538.02471458711
34,39050.19286002379,352,27,Bachelor,Full-time,49326.030465885655
78,31244.403322601793,707,4,Bachelor,Full-time,54736.203522906675
55,35993.02385084093,321,4,High School,Part-time,31747.479002984364
24,37140.03553038243,329,20,High School,Full-time,51781.16333526213
63,23471.586262820136,559,11,Bachelor,Part-time,45481.50229566638
30,65054.042971452545,504,3,Bachelor,Full-time,43504.04974080413
57,39058.09405225798,358,19,Bachelor,Full-time,52371.79211268405
59,53271.46671177309,770,37,Bachelor,Full-time,94753.59514906004
26,41303.4847617951,765,24,Bachelor,Full-time,79501.33025723713
67,36182.391754275806,311,13,High School,Full-time,39338.19434938957
44,83445.58472173699,589,10,Bachelor,Full-time,61484.56529992185
75,68458.64364418815,653,31,High School,Full-time,76393.65811813723
19,12635.992000897102,374,10,High School,Full-time,36587.66394096616
22,10517.251033282264,740,17,PhD,Full-time,59274.622722204615
46,70852.17671272974,540,26,Bachelor,Unemployed,69426.73984949914
54,39602.93216902492,453,17,Master,Full-time,48838.011284224354
55,17018.353321315546,395,22,Bachelor,Full-time,44521.71193663746
36,70914.70265080682,593,10,Bachelor,Full-time,53509.48863532995
25,53382.4810019818,508,20,High School,Unemployed,57326.33231756887
65,55031.421696646394,642,4,High School,Full-time,46940.274724962146
62,66190.78544011815,387,22,High School,Part-time,59144.840572595764
18,23800.456834352128,689,24,Master,Part-time,61896.649558657824
39,17369.98357231671,624,9,Bachelor,Part-time,37275.970467361265
69,81619.08589806405,456,21,Bachelor,Full-time,78398.67692226662
34,21256.664785154153,436,18,Bachelor,Part-time,52439.703090692405
24,25555.24405848872,727,0,PhD,Full-time,40121.47610994669
42,29551.29240908468,751,6,High School,Full-time,53777.49470599346
62,91598.91847381045,440,3,High School,Part-time,54567.0009912496
21,59867.66600823045,382,0,Bachelor,Full-time,43015.729076336516
53,69308.1594887076,476,14,Master,Self-employed,54499.42271331189
23,53923.35091157457,497,39,PhD,Full-time,85487.53919338451
77,37962.255775975325,720,11,High School,Self-employed,55649.15021175792
48,62625.82566520336,700,21,Master,Full-time,68108.43567871794
36,18867.68058406393,770,21,Master,Full-time,68780.98697179166
78,28094.330958070102,517,16,High School,Full-time,56732.09140803317
61,64659.50358522962,474,28,Bachelor,Unemployed,84037.3959432223
71,22854.895383464398,322,13,Bachelor,Full-time,29957.84228958825
56,46218.370616762535,534,19,PhD,Full-time,63060.1096104327
44,47129.75311289177,312,32,High School,Full-time,59689.919714899865
27,39426.75993325676,400,14,Master,Part-time,49744.82153259718
43,10977.630503022861,835,11,Bachelor,Full-time,48690.841394750605
36,37421.42217622615,822,39,Master,Full-time,85012.57777437502
56,33500.632461350295,751,19,Bachelor,Full-time,62720.81562257266
79,53228.79726575397,730,29,Bachelor,Full-time,81863.45940806661
20,52209.810773989375,832,37,Master,Full-time,91057.53689950504
62,57559.229198737485,592,2,Master,Full-time,52163.04047918835
30,36480.27454051205,400,27,Master,Part-time,63078.55545344319
67,60455.55900931783,801,25,High School,Full-time,86184.55540902214
45,18879.865344526337,603,29,Bachelor,Full-time,72907.89780166224
79,13561.905346952917,839,12,High School,Full-time,60097.70475136259
75,3288.5455166674437,654,12,Bachelor,Unemployed,39602.08010329939
37,40014.05520856005,602,1,Bachelor,Unemployed,49921.09913025971
45,34934.03551322885,795,36,Bachelor,Self-employed,83204.42947593867
25,65786.312237092,526,37,Bachelor,Full-time,87587.98616955546
78,37026.7482590226,535,1,PhD,Full-time,46726.69556048231
58,55467.52695888534,754,35,High School,Full-time,91623.6981413176
56,66265.93153166154,312,25,Bachelor,Full-time,52998.98539367521
18,36273.61848701768,509,10,Bachelor,Full-time,41741.02471355634
20,55961.04420214351,696,7,High School,Part-time,65202.03559506873
30,70038.5509791039,399,39,High School,Self-employed,79115.95186551708
45,25236.744503888654,330,21,PhD,Self-employed,45468.89102587742
79,50497.04676489288,827,19,Master,Full-time,79293.23611028591
74,36359.31233601371,628,7,PhD,Part-time,52789.40801120573
77,26510.20235013723,465,28,PhD,Full-time,60597.05976696847
66,19270.96519019542,758,39,High School,Full-time,81637.9477009563
42,26187.02855642599,399,25,Bachelor,Part-time,51242.76633826601
73,51200.58011504025,472,29,Bachelor,Full-time,72249.6681609688
50,17783.110888765066,461,16,Bachelor,Full-time,47152.780921968486
55,38985.45951822726,562,19,Bachelor,Full-time,57509.13785237923
70,66263.88813705795,573,15,Bachelor,Part-time,68939.72800608308
23,58980.219268378714,302,6,Bachelor,Part-time,38148.8952048647
75,39389.84754123686,327,15,Bachelor,Full-time,38908.64339069909
61,83793.80826717448,625,26,High School,Self-employed,78593.28898563562
62,87860.72827823322,448,22,Bachelor,Full-time,65864.51430192114
49,50522.44863079451,839,23,Bachelor,Full-time,78744.68450621993
62,629.1416823138352,787,8,Bachelor,Part-time,53707.363896375115
78,67728.9639403252,737,34,High School,Part-time,87143.21327694501
64,4120.473199328291,364,19,Master,Unemployed,39378.520764889
38,79522.92221440132,655,36,High School,Full-time,89323.42993618334
33,71671.69801484598,832,16,Bachelor,Part-time,77799.96419809661
71,85484.25008276041,551,30,Master,Part-time,75645.06896490186
38,55205.311167354535,534,7,Bachelor,Self-employed,49158.90220442367
28,42772.28465636324,526,14,High School,Full-time,52163.158497884164
77,40997.97732619552,824,30,Bachelor,Part-time,86200.83291803712
54,39074.79657938206,612,29,Bachelor,Full-time,72438.84354009148
53,69621.37307349406,348,19,Master,Full-time,51294.45129728799
52,64245.42979011756,417,38,Master,Full-time,83544.62015725298
36,52404.51266868426,353,11,Bachelor,Full-time,45422.869001715255
37,35556.373841460554,343,16,Bachelor,Full-time,44808.879738325595
74,102584.25262600546,352,29,High School,Self-employed,77329.36402087593
35,68247.49227925739,824,28,High School,Full-time,87085.46044766612
64,18045.76160453182,401,18,Bachelor,Part-time,44552.74018010318
58,39674.87968125746,697,10,Bachelor,Full-time,59130.40608402014
66,68635.52194817411,437,33,Bachelor,Full-time,66706.17812772444
31,34009.221575346324,686,6,High School,Full-time,47808.962285873415
32,57030.959176517776,410,33,High School,Full-time,69334.55290093739
48,69015.92600672296,316,19,Bachelor,Full-time,56785.630830488284
18,-17768.561653127865,481,37,High School,Full-time,61685.98653369727
70,47839.24600421499,835,23,Master,Full-time,75243.06972828059
71,48624.18307130244,840,9,High School,Full-time,63097.44568730152
71,41758.55088632421,470,31,Bachelor,Full-time,64464.89471266451
20,56033.90269892082,708,14,PhD,Full-time,62202.532859153536
33,63150.39214991749,677,36,High School,Full-time,87059.18516941395
40,52841.01888649218,487,19,Bachelor,Self-employed,63056.31676588751
74,42523.45211901136,529,2,High School,Self-employed,35937.858158881674
28,62652.42599568539,418,36,Bachelor,Part-time,77834.79977447013
29,50981.06818548714,455,39,Bachelor,Full-time,68534.80930555446
27,45385.99173609044,764,7,Bachelor,Part-time,56009.1075386161
49,23754.412293221616,403,39,Bachelor,Self-employed,64628.87718687655
33,18746.904294678432,801,22,Master,Part-time,76048.36965297385
25,23375.404145718592,474,39,High School,Full-time,68338.60971995213
55,55566.5812244043,720,10,High School,Part-time,51663.7570000667
29,48418.42504787297,433,7,Master,Self-employed,33181.082980055646
41,20394.318035850734,690,28,Bachelor,Full-time,68788.44334248862
45,62918.35651587622,800,29,Master,Part-time,90944.3612337124
70,77486.1902635819,332,9,Bachelor,Full-time,50723.136367210835
25,38030.12766567328,354,38,Master,Full-time,67946.88882870694
75,15180.36285263252,818,27,Bachelor,Full-time,78265.4068433181
45,35817.472301961745,311,35,Master,Part-time,58597.285586902864
53,67089.21253589388,827,12,PhD,Full-time,77951.31654090229
43,60970.59717069548,672,31,Bachelor,Full-time,74731.10472607655
25,31551.346279770423,783,35,High School,Full-time,79090.6647192408
75,80423.44275529483,527,36,High School,Full-time,77441.82585192936
77,76965.60131852797,606,25,High School,Full-time,77015.45389220942
67,35339.87873446718,756,21,High School,Part-time,69170.65753400845
45,35134.199940700666,459,3,Bachelor,Part-time,37060.7674433428
45,38143.44125241021,630,30,Bachelor,Full-time,73252.44914015874
54,39853.34449222908,524,17,Bachelor,Full-time,50518.23669361009
58,69010.76015856888,803,37,Bachelor,Full-time,96902.02382550458
53,58506.58120953188,755,23,Bachelor,Self-employed,70814.74101983082
44,67541.57538701175,344,22,High School,Full-time,66278.61749176477
71,63471.302863733996,513,21,High School,Full-time,64173.2604946302
34,84290.54136387464,358,1,High School,Full-time,41742.73181394394
26,28812.28912381719,494,30,Bachelor,Part-time,71288.38837936557
50,57607.17060767832,788,10,High School,Self-employed,60470.91851455735
70,6523.574875306047,456,27,High School,Self-employed,46129.13689243197
37,23660.88851806283,525,31,Bachelor,Part-time,58867.164931076026
30,48502.93228130306,711,4,Master,Full-time,53761.52277589351
45,58364.13225509072,504,37,High School,Full-time,81867.3978247152
65,47963.68515940861,378,9,Bachelor,Full-time,45987.48288841175
46,38656.15162374644,423,39,Bachelor,Full-time,84606.82207459878
30,42211.64245013925,770,23,Master,Full-time,62916.33046403795
63,77388.81952848208,517,34,PhD,Full-time,86110.3238041667
52,42319.35644239719,815,22,High School,Full-time,72660.154069858
78,84984.83244087055,403,16,High School,Self-employed,58713.3739878173
23,65880.34147082266,692,0,Master,Part-time,51265.241799977404
35,59150.74692296461,733,30,Bachelor,Self-employed,79851.37572284951
68,26128.061793580087,630,30,Bachelor,Part-time,77761.04271109129
22,68704.76322799255,442,33,Bachelor,Full-time,79922.91560346726
64,40124.588445030015,839,8,Bachelor,Part-time,62103.35642629588
42,26111.204839886002,577,21,PhD,Full-time,64438.440214400805
19,60256.872261587545,532,12,PhD,Part-time,49114.41685198189
27,22241.078788669205,828,24,Master,Full-time,65418.79797994613
73,34755.170757408356,389,17,High School,Unemployed,35986.712566249065
47,49797.68177062177,791,11,Master,Full-time,61992.23183057009
67,94368.42848229455,498,39,High School,Full-time,93019.02117821213
76,36261.68488415025,661,16,High School,Self-employed,60442.79835490675
62,40835.669613988495,740,14,Master,Full-time,63997.41043949595
22,64646.9010884329,325,14,High School,Part-time,42588.786171199456
72,25234.08623247908,324,14,High School,Part-time,41785.999582813834
73,58856.12762041831,693,38,High School,Self-employed,91504.97587732048
50,74118.53615233176,806,12,Master,Unemployed,78200.83225302951
71,43858.102305777975,600,16,Bachelor,Unemployed,49693.61980378313
18,70523.08562793731,638,31,Bachelor,Full-time,85614.37998237014
35,55828.99846423612,566,8,High School,Self-employed,47109.873339683196
49,35386.36072392439,760,39,Master,Part-time,85629.2919544205
64,46043.906282069875,755,19,Master,Part-time,73234.99637780289
66,42404.853200395155,659,25,Bachelor,Full-time,71126.92399139811
