tenure_months,monthly_charges,total_charges,internet_service,contract_type,payment_method,support_tickets,customer_churn
52,77.03956015465259,4025.032346187158,DSL,One year,Electronic,4,No
15,77.5826652261366,1231.512274471364,Fiber,Month-to-month,Electronic,2,No
61,119.3919172803992,7469.124277595457,Fiber,One year,Electronic,1,No
21,39.78731907081217,440.5005379194164,Fiber,Two year,Electronic,1,No
24,50.283000456475186,1804.1290831194153,DSL,Two year,Mailed check,4,No
3,41.87932953330037,-435.0523304374913,No,Two year,Bank transfer,1,Yes
22,19.906624837947994,236.9123741765206,DSL,Month-to-month,Electronic,8,No
53,122.94060802788155,6777.984564299307,Fiber,One year,Mailed check,0,Yes
2,32.754963071526326,-189.08769409967925,Fiber,Month-to-month,Mailed check,1,Yes
30,45.51083772835463,1754.090752258111,Fiber,Month-to-month,Credit card,3,No
38,109.4729952484648,4847.906906033641,Fiber,One year,Credit card,1,Yes
2,17.40678859185354,541.0865777106255,DSL,Month-to-month,Credit card,3,Yes
64,92.69054707862144,4964.137356192461,DSL,One year,Electronic,2,No
60,27.609269639746678,1719.4796631944794,Fiber,Two year,Electronic,2,No
21,107.40084209588761,2769.7589893618356,Fiber,Month-to-month,Mailed check,1,Yes
33,4.903669388774247,-496.55333358147834,DSL,One year,Electronic,2,No
58,17.395917512480118,1370.7685093382843,Fiber,Month-to-month,Mailed check,0,No
22,53.65233295123274,1514.0817157467764,Fiber,Month-to-month,Bank transfer,1,Yes
49,99.15468070518206,4252.534408584788,Fiber,Month-to-month,Credit card,0,No
59,69.0712524809028,4492.320229243346,No,Two year,Credit card,5,No
42,59.92854781340287,2653.347904927888,DSL,Two year,Mailed check,4,No
60,110.38132622394151,6948.070467797125,DSL,Two year,Bank transfer,3,No
15,134.6571861529922,1536.701599412317,Fiber,Two year,Mailed check,1,Yes
62,90.16771853241316,5665.466607195308,Fiber,Month-to-month,Electronic,2,No
62,51.3143649069615,2329.0513471654513,Fiber,Month-to-month,Bank transfer,1,No
47,57.45570897972184,1561.9227182804013,No,One year,Electronic,4,No
62,31.346578607280257,2013.902086915251,No,Month-to-month,Mailed check,1,No
51,73.02452266762157,4274.549459429355,No,Month-to-month,Mailed check,0,No
55,21.112210420710184,1287.6399802716003,Fiber,Month-to-month,Bank transfer,3,No
64,86.55590965928502,5507.855186222168,Fiber,One year,Bank transfer,1,No
3,130.16722136919861,296.73460408015916,Fiber,One year,Mailed check,3,Yes
51,91.5277473937915,4196.632421361834,DSL,Month-to-month,Credit card,0,No
7,55.92556839415196,280.54852686141055,Fiber,Month-to-month,Electronic,2,Yes
21,85.80812237895371,2012.8128040902502,DSL,One year,Mailed check,2,No
39,118.61600335497631,4408.413014443762,No,One year,Bank transfer,1,Yes
18,117.11483905783416,2483.360529958903,Fiber,Month-to-month,Bank transfer,3,Yes
4,39.88726325309888,257.53656994469685,Fiber,One year,Credit card,3,Yes
60,85.3088916874697,5277.023210134886,DSL,Month-to-month,Electronic,1,No
14,65.25695529789404,1357.9287509459966,DSL,Month-to-month,Bank transfer,1,No
9,94.1977974374106,584.4024606092001,DSL,One year,Bank transfer,3,Yes
53,81.50841861450313,4649.636479662142,Fiber,One year,Credit card,1,No
2,-1.091642284533421,-195.42164319505392,DSL,Month-to-month,Electronic,0,Yes
60,59.55960741109483,3743.33368657511,Fiber,One year,Bank transfer,1,No
71,75.95675088688876,5070.043637650817,No,One year,Bank transfer,3,No
44,26.96905098523463,731.2863318179577,No,One year,Electronic,4,No
8,87.43066029597956,745.3776551920834,Fiber,One year,Mailed check,2,Yes
47,24.279542748189094,198.5384831543288,DSL,One year,Mailed check,0,No
35,46.04682857748839,1463.5052784576528,No,Month-to-month,Bank transfer,2,Yes
36,110.23935759100404,3165.4283704715554,No,Month-to-month,Credit card,1,Yes
50,43.48666633407194,2563.950333860401,DSL,Month-to-month,Bank transfer,3,No
4,87.21900877605026,873.9313331586582,Fiber,Month-to-month,Bank transfer,2,Yes
2,17.39278846273939,-397.1900337849242,DSL,One year,Mailed check,2,Yes
6,132.43943970295425,1008.7931194544736,No,One year,Electronic,2,Yes
54,60.86339084538228,3736.190962494389,No,Month-to-month,Electronic,0,No
4,72.85962420843157,742.673108084618,DSL,Month-to-month,Mailed check,3,Yes
54,75.37110389646895,4177.265027395144,No,Month-to-month,Mailed check,2,No
63,88.22700592994076,5925.453711367016,Fiber,Month-to-month,Electronic,0,No
18,24.42460051041469,114.97715322726731,No,One year,Mailed check,2,No
44,69.8399058749001,3114.5170913239444,Fiber,Month-to-month,Mailed check,2,Yes
34,50.2369352265593,1474.5040943076283,No,One year,Electronic,2,No
62,19.3132832176519,830.5295726017358,DSL,Two year,Mailed check,2,No
14,99.61366600386131,1412.623019788872,DSL,Month-to-month,Electronic,3,No
48,59.43481049201228,3026.636091695627,DSL,Month-to-month,Credit card,1,No
15,77.27561276837558,1740.8885755031272,No,Month-to-month,Credit card,2,No
62,75.39536256184178,4807.090242483634,No,One year,Bank transfer,2,No
40,59.9544318287166,2719.1425406294397,No,One year,Electronic,3,No
53,129.25082060892345,7176.935078897712,No,Month-to-month,Bank transfer,2,Yes
24,68.58206042112973,2989.7366329555934,DSL,One year,Credit card,4,No
26,23.261430469699967,-300.2190094240905,DSL,Two year,Bank transfer,2,No
60,57.98855919450046,3135.346618251439,DSL,Month-to-month,Electronic,1,Yes
41,84.99212860336331,4221.705298981936,DSL,Month-to-month,Bank transfer,1,No
29,85.97785328111652,2317.3512077256423,DSL,Two year,Credit card,0,No
15,37.36657194214715,1003.4001479330668,Fiber,One year,Bank transfer,2,No
45,97.88447522034309,4519.806146796857,DSL,Two year,Bank transfer,4,No
65,17.1139921338688,2165.010689305477,DSL,One year,Mailed check,1,No
71,104.32405607849255,6850.480768041114,DSL,Two year,Mailed check,0,Yes
9,30.41956332587783,884.6763461923072,DSL,Month-to-month,Electronic,2,Yes
1,63.212643429739714,938.0032960659892,No,One year,Bank transfer,0,Yes
8,101.937060340801,308.28704414240815,Fiber,Two year,Electronic,0,Yes
63,73.58817006661208,5027.489835987234,No,One year,Mailed check,3,No
11,94.5009555314071,556.7615179309503,Fiber,Month-to-month,Electronic,2,Yes
8,88.55985879129797,723.5596565979462,DSL,Month-to-month,Mailed check,3,Yes
35,108.58805840213803,3672.2880789837445,Fiber,Month-to-month,Electronic,1,Yes
35,101.86629552741135,2363.943376009554,DSL,Month-to-month,Bank transfer,1,Yes
33,56.387670743906746,2072.910264404872,DSL,Month-to-month,Bank transfer,2,No
5,88.98824901380395,516.6108288721352,DSL,One year,Electronic,4,Yes
41,24.203444149067607,1731.880696814652,DSL,One year,Electronic,3,No
28,68.26285277986645,2216.931705161032,DSL,Month-to-month,Electronic,1,No
7,94.55454203915619,1807.3237563134744,DSL,One year,Credit card,4,Yes
12,74.01542962738,941.706346567917,Fiber,Month-to-month,Mailed check,1,No
34,83.39919194551257,2782.8075001462735,DSL,Month-to-month,Mailed check,3,No
33,63.60182872102626,2006.6820224353185,DSL,Month-to-month,Electronic,1,Yes
48,103.87208312605428,4766.065634534718,No,One year,Bank transfer,1,No
23,67.58752678873022,450.6376579495104,DSL,Month-to-month,Credit card,2,No
62,56.036494527878396,3364.1653472244816,DSL,Month-to-month,Credit card,3,Yes
37,96.59552237707163,2540.1069647336544,No,Month-to-month,Bank transfer,1,No
44,27.845202329066204,1451.2055747717973,DSL,Two year,Electronic,3,No
35,85.03100030552035,2356.05486445792,DSL,Month-to-month,Electronic,2,No
65,38.72545377318584,2069.98818371287,Fiber,One year,Electronic,2,No
47,108.33780487714495,4757.171731809537,DSL,One year,Electronic,2,No
3,62.169182402596135,84.0400283011657,Fiber,One year,Electronic,0,Yes
1,74.04954162459066,77.48366909410915,No,Two year,Electronic,5,Yes
5,82.37711189932368,954.1253510331537,DSL,Month-to-month,Mailed check,2,Yes
14,12.10946211057528,-119.232577205723,Fiber,Month-to-month,Credit card,2,No
27,50.48245475329429,1603.0993464501305,Fiber,Two year,Bank transfer,0,No
9,101.30637727859661,2277.191012119153,DSL,Month-to-month,Credit card,4,Yes
15,96.03295072512665,1629.1696122585145,Fiber,One year,Bank transfer,1,No
42,78.49096616185649,3206.3756843321557,DSL,One year,Electronic,1,No
51,29.516092857234298,1115.7449097548006,Fiber,One year,Bank transfer,5,No
63,87.56510382575738,5419.43576831255,DSL,Two year,Electronic,0,No
52,91.40198770616337,4309.793188915792,Fiber,Two year,Bank transfer,2,No
4,71.41051639371236,419.9727789167357,DSL,One year,Mailed check,1,Yes
23,106.69512851774371,2505.760025227802,No,Month-to-month,Credit card,3,No
15,49.497046296096315,-338.65391601745193,DSL,Two year,Electronic,2,No
43,54.70427267500075,2343.0047221419986,Fiber,Month-to-month,Electronic,5,Yes
29,-4.538347372574435,406.4610825153479,Fiber,Month-to-month,Credit card,3,No
36,97.5948253044299,3313.8577848581017,Fiber,Two year,Electronic,2,No
13,79.41585890410403,705.9577795475712,Fiber,Month-to-month,Bank transfer,2,No
32,19.54539024600313,-63.397898686326016,Fiber,Month-to-month,Bank transfer,1,No
71,17.242030000175582,295.1881092002641,Fiber,Month-to-month,Credit card,0,No
59,43.821081178869676,3001.118423084938,No,Two year,Credit card,1,No
28,93.80973825941061,2535.9335064738993,DSL,One year,Credit card,3,No
66,60.98918535734114,4411.297014586226,Fiber,One year,Electronic,1,No
42,45.85639250019025,2691.6303572977254,No,Month-to-month,Credit card,1,No
45,39.81652320749512,2252.367386792453,No,One year,Bank transfer,0,No
62,38.472641265154394,2114.1175977201747,No,One year,Bank transfer,2,No
57,11.98965096677319,755.8439374348495,DSL,Month-to-month,Electronic,3,No
6,33.778125050608764,-104.71768227480658,DSL,Month-to-month,Bank transfer,4,Yes
28,37.88265760968498,706.570181770348,Fiber,Month-to-month,Credit card,2,No
28,90.47869709371439,2704.811099825315,Fiber,Two year,Credit card,3,No
44,65.02830840560155,2445.098628287382,Fiber,One year,Mailed check,3,No
30,45.23245470947617,252.39783173993465,Fiber,Two year,Electronic,2,No
62,139.29168266218562,8192.01037719182,No,Month-to-month,Mailed check,3,Yes
62,50.08309259360003,2951.7111664595154,DSL,One year,Credit card,0,No
1,105.01308743150908,865.7123363474702,No,One year,Bank transfer,2,Yes
27,118.63325673363147,2957.6292068723674,Fiber,One year,Mailed check,2,No
62,22.90118987027971,1675.8358174719795,DSL,Two year,Electronic,4,No
3,72.21888892220704,132.50254978558644,Fiber,Month-to-month,Mailed check,2,Yes
70,54.47399047275328,4426.381905027922,Fiber,Month-to-month,Mailed check,2,Yes
27,52.03226810321993,1983.4194315189172,DSL,One year,Credit card,2,No
9,86.66130450420724,1368.0392931578249,DSL,One year,Bank transfer,2,Yes
62,51.31388510730149,2314.469111944016,No,One year,Mailed check,1,No
37,55.12092861020588,2142.8363822001147,DSL,Month-to-month,Mailed check,2,No
51,64.9565531312412,3692.253509754275,Fiber,One year,Electronic,3,No
44,58.79802194870292,2777.882247037594,Fiber,Month-to-month,Credit card,1,No
24,34.792893789636246,1153.3276138621845,Fiber,Month-to-month,Mailed check,3,Yes
59,93.87719514542422,5567.930015722768,Fiber,One year,Mailed check,3,No
32,101.45592815522801,2874.1975976040326,DSL,One year,Mailed check,1,No
52,80.30855768605652,3327.4963071818124,Fiber,Month-to-month,Bank transfer,1,No
62,58.70342046933202,3316.8273547743474,DSL,Month-to-month,Bank transfer,4,Yes
58,48.843677910106564,4171.988255605377,Fiber,Month-to-month,Bank transfer,2,Yes
52,48.891398112206616,2299.527113789408,DSL,Month-to-month,Electronic,1,No
12,140.72129095098126,708.9603783664031,Fiber,One year,Mailed check,1,No
39,98.13514904699932,4193.595493197515,DSL,Two year,Electronic,0,No
2,44.79669764249985,517.323399626322,DSL,Month-to-month,Bank transfer,2,Yes
3,74.94093482311422,868.4849995454128,DSL,One year,Electronic,3,No
56,59.12394924701913,3546.430409686461,DSL,Two year,Bank transfer,2,No
59,87.51401128468872,5586.12742303011,No,Two year,Credit card,1,No
2,86.30497308368025,1092.718513588356,DSL,Month-to-month,Credit card,1,Yes
2,102.50828961716414,-167.72016679672942,No,Two year,Mailed check,4,Yes
54,44.483306240134134,1930.1731842553843,No,Month-to-month,Mailed check,1,No
1,73.14205895914391,-474.1512108173205,Fiber,Month-to-month,Electronic,1,Yes
19,17.543590451274213,200.4434253272185,DSL,Month-to-month,Bank transfer,3,Yes
2,32.27979098713466,781.2707918868534,DSL,Month-to-month,Credit card,1,Yes
53,96.52302509677538,5379.754514002213,Fiber,Month-to-month,Electronic,1,No
44,41.47948625784019,2069.4433716995773,DSL,Month-to-month,Mailed check,3,No
32,44.77273605856435,523.0735895416974,DSL,Month-to-month,Credit card,2,No
70,69.75165776349851,4536.022629826686,Fiber,Two year,Credit card,2,No
32,90.84283092539619,1989.1417731816596,No,Two year,Electronic,2,No
68,38.17519612497711,3181.5362311592153,Fiber,Month-to-month,Bank transfer,2,No
55,-34.42426486280252,-1100.5113210112718,DSL,Two year,Electronic,3,No
56,43.89330273569465,2847.808316819091,Fiber,Two year,Electronic,3,No
17,106.16884233858511,1311.4772968861744,DSL,One year,Credit card,5,Yes
38,80.29405153050621,3792.1852049671315,DSL,Month-to-month,Credit card,1,No
24,109.7162441136164,2506.5624037141883,No,One year,Bank transfer,3,Yes
69,36.04551573601913,1879.910945408989,DSL,Two year,Electronic,1,No
70,20.818111970078313,975.0657105996357,DSL,One year,Credit card,0,No
11,83.87645657942622,707.56270457777,DSL,Month-to-month,Mailed check,2,Yes
16,77.20068213055139,1260.0001743311755,No,One year,Mailed check,3,No
59,79.16662961131775,4590.15904124185,Fiber,One year,Mailed check,1,No
70,97.98989927951703,6152.958740480678,Fiber,One year,Electronic,4,No
3,82.6505477173678,854.6098477449244,Fiber,Month-to-month,Bank transfer,1,Yes
20,82.16852779421137,1568.067596165806,DSL,Month-to-month,Bank transfer,0,No
59,91.45021041403422,5038.685486292694,Fiber,Two year,Electronic,2,No
36,85.07249896561082,3617.7611437533715,DSL,Two year,Electronic,0,No
19,95.72337795152217,1227.0410869456555,DSL,Month-to-month,Electronic,4,Yes
67,100.25562474335746,5902.681766017692,Fiber,Two year,Electronic,1,No
19,115.95066403722745,2839.3063400066912,No,Month-to-month,Bank transfer,2,Yes
20,50.52426025288962,1956.1791298329617,DSL,One year,Credit card,1,No
71,84.41686322232242,5762.549279459193,DSL,One year,Electronic,1,No
52,58.8902989420811,3039.310541029645,DSL,Two year,Electronic,1,No
33,44.993230381622,911.4442453330742,DSL,Two year,Bank transfer,2,No
40,49.31379036758902,1975.2978898252577,No,Month-to-month,Credit card,1,No
39,84.84866552684576,3071.2453236813863,Fiber,Two year,Mailed check,2,No
1,82.54757664358002,31.48335662608035,Fiber,Month-to-month,Mailed check,3,Yes
11,82.0123608771531,1106.7651634473054,Fiber,One year,Bank transfer,4,Yes
57,63.228590572920005,3054.956923641017,DSL,One year,Electronic,2,No
50,70.10244253535231,3324.2164571513317,Fiber,One year,Electronic,2,No
23,94.53258087628149,1272.3586492653853,Fiber,Month-to-month,Bank transfer,3,No
31,25.318208210520815,607.3708124695013,Fiber,Two year,Bank transfer,3,No
42,70.73926295285753,2924.332008561517,No,Month-to-month,Bank transfer,2,No
7,72.6986844438037,623.382003637165,Fiber,Month-to-month,Bank transfer,3,Yes
16,92.59912807232948,1601.374319338876,DSL,One year,Bank transfer,1,No
60,29.492547641715248,2221.514233871343,No,Month-to-month,Electronic,4,No
2,114.85401236552235,-540.1252349056152,DSL,Two year,Mailed check,0,Yes
1,76.4089127328553,-666.7296022422915,DSL,Month-to-month,Electronic,5,No
48,77.9974164008481,4008.354955436969,DSL,Month-to-month,Electronic,2,No
12,57.958607280033206,-323.97735114230954,DSL,Two year,Bank transfer,1,No
69,86.14067064390531,6035.356380481963,Fiber,One year,Credit card,1,No
37,71.43862150849317,2053.0825260193005,Fiber,Month-to-month,Credit card,1,No
32,106.26945832319397,4187.029986800798,No,One year,Bank transfer,2,Yes
9,26.755172558091544,366.0227568867126,Fiber,One year,Electronic,1,Yes
19,75.26637489671523,1320.4831131810586,Fiber,One year,Electronic,4,No
48,82.25537045132279,4562.118220233083,DSL,Month-to-month,Credit card,3,No
3,64.40882816910725,-338.47451877815365,DSL,Two year,Bank transfer,0,Yes
20,57.860025300788614,720.4956889718682,Fiber,Two year,Bank transfer,2,No
24,59.11128163093878,787.9433423149761,Fiber,One year,Bank transfer,0,No
54,75.23917808103484,3630.3960032013847,No,Month-to-month,Bank transfer,0,No
33,15.701232970578822,548.6984927127951,DSL,Two year,Credit card,2,Yes
24,98.95044883189689,2621.7867079623857,DSL,One year,Electronic,3,No
36,55.59604396912448,2482.1684255722525,Fiber,One year,Bank transfer,2,No
38,73.83408092100348,1893.3330515477624,DSL,Month-to-month,Credit card,2,No
25,81.01306800364202,1939.3952068594047,DSL,Two year,Electronic,1,No
18,54.22583838061129,421.9828252556025,Fiber,One year,Bank transfer,0,No
66,66.06884779003012,4257.900408397938,DSL,Month-to-month,Mailed check,2,Yes
54,8.942792781234886,1649.9926002502039,Fiber,Month-to-month,Credit card,3,No
35,91.96370821999216,3364.660668699733,DSL,Two year,Electronic,3,No
61,102.40207000966494,6696.258756163684,DSL,Month-to-month,Bank transfer,3,Yes
41,18.970193441837395,1758.1235671958566,DSL,Two year,Electronic,3,No
33,57.805213699112144,2471.25117365808,No,One year,Bank transfer,0,No
68,33.10391865277556,2027.1092285452457,DSL,One year,Electronic,1,No
33,64.66779035537782,1496.121038442499,Fiber,Month-to-month,Electronic,2,No
14,89.45909004162883,1237.355125822378,DSL,Month-to-month,Mailed check,1,Yes
21,99.61926697769876,1808.151714422331,Fiber,Two year,Credit card,4,No
48,103.65559568280545,4213.207949465074,DSL,Month-to-month,Electronic,0,No
20,109.31631474076639,2306.788793460062,Fiber,One year,Electronic,1,Yes
8,63.32761664633303,639.5640822003306,Fiber,Month-to-month,Bank transfer,4,Yes
7,35.591241137996825,1133.697038097621,No,Month-to-month,Mailed check,1,Yes
67,66.56229099076094,4278.791961962576,DSL,Month-to-month,Credit card,2,No
17,88.99802506910729,1653.0271206595485,DSL,One year,Electronic,4,No
33,33.18220657237428,762.2701095432435,DSL,Two year,Bank transfer,2,No
48,119.80410860344726,6187.181928312201,No,Month-to-month,Electronic,3,Yes
59,96.93665616281025,5656.953815510739,Fiber,Month-to-month,Electronic,1,No
22,63.80298494706013,817.3698644089517,Fiber,Month-to-month,Bank transfer,2,No
30,48.67384208766276,1453.479351797304,DSL,One year,Bank transfer,1,No
38,49.92636756662071,2092.4634163140877,DSL,Month-to-month,Bank transfer,3,No
51,72.22618641400466,3811.172200821019,DSL,Two year,Mailed check,3,No
54,63.11792191808943,3931.3161413247635,No,One year,Mailed check,1,No
8,98.51508265847875,64.09247524748514,Fiber,One year,Mailed check,3,Yes
27,59.71072515092113,1190.8182840673996,No,Month-to-month,Credit card,3,No
27,85.16505431834473,2619.350132493076,DSL,Two year,Electronic,3,No
21,69.1322534747539,1089.1428339892962,Fiber,Month-to-month,Electronic,2,No
30,78.09008072191213,2462.9380463224675,Fiber,Month-to-month,Mailed check,0,No
28,63.09830693210852,556.8799703931572,DSL,One year,Bank transfer,4,No
64,91.23146623748862,7196.787125355713,No,One year,Electronic,1,No
69,91.67620240870231,6190.798700421791,No,Month-to-month,Credit card,2,No
61,83.79787077466433,5708.648247248663,No,Month-to-month,Electronic,2,No
48,88.22542981448512,4066.371718303541,Fiber,One year,Credit card,1,No
19,41.66893667370842,999.0590611659034,DSL,Month-to-month,Electronic,2,No
4,79.69737288726938,1064.7493147217137,DSL,Two year,Bank transfer,6,Yes
35,107.476053024626,4344.564865466103,No,One year,Credit card,0,No
64,84.74213701058493,5321.269278834823,DSL,Month-to-month,Electronic,4,No
49,39.0784749159543,1847.2181081849146,Fiber,Month-to-month,Credit card,2,No
17,68.50700471052745,1666.4023601706094,Fiber,Month-to-month,Mailed check,1,No
44,81.24933815019126,4741.593080751066,Fiber,One year,Credit card,2,No
30,47.278014493050726,1514.4817719910425,No,One year,Bank transfer,4,No
46,29.25186409829942,2324.1175687925943,DSL,Month-to-month,Mailed check,1,No
6,60.51706394690419,242.39517847132205,DSL,One year,Electronic,2,Yes
37,47.775027760968925,2243.656208910751,DSL,Two year,Mailed check,2,No
24,69.57132905830093,2220.2897785228656,Fiber,Month-to-month,Electronic,5,No
46,22.25786057511135,818.8813345287355,DSL,Two year,Electronic,1,No
53,86.94103187608468,4234.335649781667,DSL,Month-to-month,Electronic,0,No
60,50.96184894119929,3630.405530745634,No,Month-to-month,Mailed check,2,No
63,99.87256710044068,6026.193258706235,No,Month-to-month,Bank transfer,1,No
32,61.693034806108656,1527.0021574577756,DSL,Month-to-month,Electronic,0,No
33,69.23832860846538,1942.8850931798092,DSL,Month-to-month,Electronic,1,No
67,64.80895363909246,4074.3932246064896,No,Month-to-month,Bank transfer,1,No
18,49.35520929699182,1316.7023196586915,DSL,Two year,Electronic,2,No
25,144.1683838681798,3861.730933342589,DSL,Two year,Electronic,2,Yes
54,55.12401465978146,3334.5259140071444,DSL,One year,Electronic,2,No
58,100.7056456739698,6051.617354639289,Fiber,Month-to-month,Credit card,0,Yes
67,37.19113161809815,2194.885737289256,DSL,Month-to-month,Credit card,3,No
46,81.16394173279483,4082.092747662698,No,Month-to-month,Mailed check,1,No
24,84.36616491795507,2616.014871333574,Fiber,One year,Bank transfer,1,No
32,69.27469068705611,2509.04171004545,Fiber,Two year,Mailed check,3,No
47,52.8698584108128,2709.711298621127,DSL,Month-to-month,Bank transfer,1,No
23,62.10034292158108,1044.7806339110266,Fiber,Month-to-month,Bank transfer,0,Yes
66,57.90131494080639,3927.3953255804604,Fiber,One year,Bank transfer,1,No
27,142.0607884550637,3425.5206235623687,Fiber,Month-to-month,Electronic,2,Yes
2,69.32190731665541,126.62988559300885,Fiber,Month-to-month,Electronic,2,Yes
17,85.74666335991851,637.5599575059567,Fiber,One year,Mailed check,1,No
33,123.448752712761,3257.5296380250666,No,One year,Credit card,1,No
9,43.710439960774565,297.87011467345616,No,Month-to-month,Bank transfer,4,Yes
43,71.12980699503814,2784.361864873145,Fiber,Month-to-month,Credit card,3,No
48,61.92441604955833,3025.765567115887,DSL,Two year,Credit card,0,No
39,67.41584663549908,2561.833729226905,DSL,Month-to-month,Electronic,1,No
42,64.62964098647544,2729.5403150370457,DSL,Month-to-month,Bank transfer,3,No
26,48.04368743109349,1553.4395943868008,Fiber,Month-to-month,Bank transfer,3,No
50,75.86230854989898,3561.480949664533,Fiber,Month-to-month,Credit card,1,No
25,38.121016677516955,843.3035111154924,Fiber,Month-to-month,Credit card,2,No
24,99.66648211927054,3119.506182244075,No,Two year,Bank transfer,3,No
13,88.69929419963812,1154.632888007809,No,Month-to-month,Electronic,1,No
60,55.196115509079526,3222.161693232077,No,Month-to-month,Bank transfer,0,No
7,56.650500358784214,437.8098521730842,DSL,One year,Electronic,2,Yes
57,78.26531687044759,4380.440875110748,Fiber,One year,Bank transfer,3,No
36,46.043640531814525,1302.7849126687106,DSL,Two year,Credit card,2,No
45,124.35940372404615,5097.158248992217,DSL,Two year,Mailed check,3,No
20,80.73777186075306,1233.0397671400588,DSL,Month-to-month,Bank transfer,0,No
65,81.79789454151033,5753.322738583565,DSL,One year,Mailed check,2,No
8,90.44335241071857,408.59419192654246,Fiber,Month-to-month,Mailed check,4,Yes
16,52.616101777897896,764.3953275282281,No,Two year,Mailed check,4,No
14,102.67029945354321,1787.7523349160538,DSL,Month-to-month,Bank transfer,2,Yes
15,73.43600098646392,962.3444293914696,Fiber,Two year,Credit card,2,No
66,98.50436412996496,6817.968689999513,Fiber,One year,Credit card,1,No
32,64.06140620295008,1279.568477278969,DSL,Month-to-month,Electronic,1,No
63,109.51834680193556,6833.397508750992,Fiber,One year,Credit card,0,Yes
51,82.0403088107437,4223.503797647182,DSL,Two year,Bank transfer,2,No
25,135.47521072531262,3398.4496296818998,Fiber,Two year,Electronic,0,Yes
58,58.9143514953331,2590.573037809878,Fiber,Month-to-month,Electronic,1,Yes
63,76.13648188272236,5398.154681826911,DSL,One year,Electronic,3,No
62,39.052712593895265,1993.9317083357982,DSL,Month-to-month,Credit card,0,No
22,54.12105287361341,1358.1817258507288,Fiber,Month-to-month,Bank transfer,2,No
58,88.56059643543716,5140.49673457902,No,Month-to-month,Bank transfer,1,No
58,103.87973312618502,6526.87928322407,DSL,Month-to-month,Electronic,2,Yes
49,158.95031055162167,8882.309631716565,Fiber,Two year,Bank transfer,0,Yes
52,67.10113280130338,2844.0766633963576,Fiber,Month-to-month,Electronic,2,No
42,42.00359777063207,1439.6941657302973,No,Two year,Mailed check,1,No
70,92.59977281131724,6576.530343711733,No,Month-to-month,Bank transfer,3,No
15,36.16518338496082,-10.198908001983568,Fiber,Month-to-month,Electronic,3,No
54,86.9283216408021,5085.220672581193,Fiber,Month-to-month,Credit card,2,No
60,54.932328514176284,3717.626021929106,No,Month-to-month,Electronic,2,Yes
8,76.3478491114118,890.5073308888129,DSL,Month-to-month,Bank transfer,2,Yes
53,102.73138306494002,5563.05417787992,DSL,Month-to-month,Mailed check,0,Yes
60,66.67799712757912,4685.534216639638,DSL,One year,Bank transfer,2,No
5,97.98637252985864,-87.88087818513782,No,Month-to-month,Electronic,2,Yes
68,96.19475645857446,6573.877536854339,No,Month-to-month,Electronic,1,No
6,14.07005415072716,-284.9811094607479,DSL,Month-to-month,Credit card,3,Yes
47,42.95197761893283,2463.701114372427,Fiber,Two year,Electronic,1,No
55,23.14579415813585,356.3480964442555,Fiber,Two year,Credit card,1,No
40,130.05211307590406,5188.042590239673,DSL,Month-to-month,Credit card,2,Yes
52,66.8382422368802,3643.207939852745,No,Month-to-month,Electronic,1,Yes
16,123.42487638899928,1501.0519547371014,DSL,Month-to-month,Electronic,1,Yes
13,21.011431583740496,-39.946405522156795,DSL,Two year,Bank transfer,0,No
30,52.81694726354422,1592.1979085923795,Fiber,Month-to-month,Credit card,3,Yes
19,94.01494725297917,2263.8321875273423,Fiber,Month-to-month,Credit card,2,No
17,75.37823813280052,764.9954339640819,DSL,Month-to-month,Mailed check,2,No
63,85.98579678440376,4987.8802272300945,Fiber,Month-to-month,Bank transfer,4,Yes
19,32.38575298620229,1178.1231922580155,Fiber,Month-to-month,Electronic,1,No
58,111.30410478636789,6319.15037764942,DSL,One year,Credit card,3,Yes
55,93.31048287271867,4743.307038077038,DSL,Month-to-month,Credit card,2,No
62,82.0487651647442,5451.365838822599,Fiber,One year,Electronic,2,No
23,49.43169156754577,892.8304074374294,DSL,Month-to-month,Electronic,1,Yes
9,79.71400382817836,1231.1368021229923,No,Month-to-month,Electronic,3,Yes
12,61.25530063019529,403.20341907248746,No,Two year,Electronic,1,No
1,20.485263698867143,-59.312017213630824,No,Month-to-month,Credit card,2,Yes
58,68.48731444835536,4444.750070698977,DSL,Two year,Mailed check,1,No
1,65.29808805332422,-47.83234753355154,No,One year,Electronic,3,No
34,101.8720452962536,3841.676201111946,Fiber,Month-to-month,Mailed check,3,Yes
48,2.9672067305739205,109.65211967704573,DSL,Two year,Credit card,1,No
1,77.05599486564103,1067.9018980656556,DSL,Month-to-month,Bank transfer,2,Yes
16,35.33295855682848,1349.71663896068,DSL,Two year,Mailed check,0,Yes
61,79.57670026586639,4190.130585000976,Fiber,Month-to-month,Electronic,2,No
64,81.22840166731918,5459.739547332432,Fiber,Two year,Credit card,2,No
63,67.39465668609425,3837.6613781734172,DSL,Month-to-month,Credit card,0,Yes
69,94.21879374433253,6596.8502377553095,Fiber,One year,Electronic,3,No
22,32.62701822700903,751.9797156493291,DSL,One year,Electronic,4,No
67,103.231613508451,6388.824596519974,Fiber,Two year,Electronic,0,No
26,48.75763401417576,1796.940756133732,DSL,Two year,Electronic,3,No
16,23.32304048530313,474.8201195493875,No,Two year,Bank transfer,1,No
51,61.82812088500573,3010.8926472990006,No,Two year,Credit card,2,No
57,7.145274319600439,188.22572409542764,Fiber,Month-to-month,Mailed check,3,Yes
29,77.62521676738606,2321.0197711373135,DSL,Month-to-month,Credit card,2,No
69,62.22248672259323,4497.314092616076,DSL,Month-to-month,Mailed check,0,No
47,107.01060764128107,4967.010665961077,No,Month-to-month,Bank transfer,0,Yes
62,89.46772631520986,4130.739246154907,DSL,Month-to-month,Bank transfer,1,No
69,28.240109884359697,1957.0129401420609,DSL,One year,Electronic,4,No
16,44.84837526646344,-3.1670265414736605,DSL,Month-to-month,Mailed check,1,No
48,85.61993261602628,4005.030482744723,Fiber,One year,Bank transfer,0,Yes
39,95.41237029955104,3018.80031314767,Fiber,Month-to-month,Electronic,2,No
33,106.6750274466064,2812.027088198278,No,Month-to-month,Mailed check,0,Yes
23,106.43527855916045,3065.5723178349544,DSL,One year,Mailed check,3,Yes
10,67.31432169256283,513.0972264534331,DSL,One year,Credit card,3,Yes
69,80.87966866753507,5382.366058148961,No,One year,Mailed check,2,No
34,108.96215511831389,3945.975298436968,No,One year,Credit card,4,Yes
52,60.900746141921545,2981.543537843694,DSL,Month-to-month,Mailed check,0,No
10,81.3917856082037,1865.820902145742,Fiber,One year,Bank transfer,4,Yes
19,60.19357660961045,1007.1680752195889,DSL,Month-to-month,Bank transfer,1,No
58,53.47155656603719,3283.912986821662,No,Month-to-month,Credit card,2,No
1,71.4515535485741,556.9222192370046,DSL,Month-to-month,Mailed check,1,Yes
69,49.37369645981226,4207.911668530501,No,Month-to-month,Bank transfer,1,Yes
4,66.07252081690753,-106.7129845611899,Fiber,Month-to-month,Bank transfer,4,Yes
16,38.95135406403602,414.23991310525395,Fiber,Two year,Mailed check,0,No
24,64.30016838452862,2180.4999788754444,DSL,Two year,Electronic,0,No
2,83.45170880847584,571.9345696432973,Fiber,Month-to-month,Electronic,3,Yes
32,52.337093913796124,2212.3749730757054,Fiber,Month-to-month,Electronic,1,No
24,70.27875257592738,1002.337790042423,DSL,Month-to-month,Credit card,2,No
12,74.18027780863792,1664.1632106656643,Fiber,Month-to-month,Electronic,1,No
50,83.57604675464005,3798.0985660896,No,Two year,Electronic,2,No
35,65.99260476084352,2405.8876557004714,Fiber,Month-to-month,Bank transfer,3,No
33,102.57599025603417,3310.8962396532424,Fiber,One year,Mailed check,3,No
33,6.972434156442461,-209.15109111143389,DSL,Month-to-month,Mailed check,1,No
61,158.1325854150332,8939.819828606524,Fiber,Two year,Electronic,1,Yes
51,43.8659870788745,1365.2412827061505,DSL,Month-to-month,Credit card,1,Yes
43,82.10170070062233,3589.882333153748,Fiber,One year,Credit card,2,No
12,41.84596269382454,-260.5079927908333,No,Month-to-month,Credit card,2,No
67,89.32804478527905,5418.071203070254,Fiber,One year,Mailed check,4,No
65,78.29707457784784,4980.291908460999,DSL,Month-to-month,Bank transfer,4,Yes
33,50.47859387964731,346.38934789841164,DSL,Month-to-month,Electronic,4,No
40,102.19262036230938,4477.194670514376,Fiber,Two year,Electronic,2,Yes
43,65.08117361194236,1593.5463817601174,Fiber,Two year,Electronic,2,No
44,86.41647814171012,3763.6388425688588,No,Two year,Bank transfer,0,No
29,42.48520584411892,1239.5805827765932,No,One year,Mailed check,2,No
13,69.0733709328526,1166.9846822179882,Fiber,Two year,Mailed check,1,No
12,130.10221801546314,1540.386214990611,DSL,Month-to-month,Electronic,2,Yes
46,98.8889658734239,5557.846412094119,DSL,Month-to-month,Mailed check,2,No
2,79.22862266353155,266.6156861113135,DSL,Month-to-month,Bank transfer,1,Yes
35,56.53237517170612,2505.439330631544,DSL,One year,Mailed check,5,No
8,72.02495607625026,214.46824417485817,Fiber,Month-to-month,Bank transfer,1,Yes
26,75.92697970517146,2034.479875429192,Fiber,Month-to-month,Electronic,3,No
34,83.47685304759236,3611.998051132603,Fiber,One year,Credit card,2,No
7,37.70018475467003,145.0537309378698,DSL,Two year,Bank transfer,3,Yes
68,90.05223882827096,6219.6696224200405,DSL,Month-to-month,Electronic,4,No
58,37.31220705116042,2654.534733536042,DSL,Month-to-month,Electronic,1,No
29,118.93377556845616,3077.964731389411,DSL,Month-to-month,Bank transfer,0,Yes
36,46.85115032749365,605.8612451301747,No,Month-to-month,Credit card,4,No
21,78.89884959028527,1784.662668252175,DSL,Month-to-month,Mailed check,3,No
36,100.15427719834054,4099.8885638192605,Fiber,One year,Electronic,1,Yes
10,62.42859869606651,-51.43689548532052,DSL,One year,Credit card,2,Yes
24,80.21800057299575,2260.3419623905675,No,One year,Bank transfer,4,No
64,113.05544647570156,7574.031768114668,Fiber,Month-to-month,Mailed check,3,Yes
49,86.93208963679798,3122.9242626454497,DSL,Two year,Mailed check,1,No
36,80.66651889023058,2435.8503638449147,Fiber,Month-to-month,Electronic,0,No
24,19.456438155386138,269.0401253634362,Fiber,Month-to-month,Bank transfer,4,No
23,41.988332417793316,875.9196454916278,No,Two year,Mailed check,1,No
62,101.40760382950036,5915.704305045031,DSL,Month-to-month,Credit card,1,Yes
37,87.09850916024146,2824.143437137843,No,Month-to-month,Mailed check,3,No
12,91.64398821355223,1935.469304153673,No,Two year,Mailed check,3,No
55,89.06190796644691,4844.625372225126,No,Month-to-month,Bank transfer,2,No
13,108.69269585126122,1065.483215991526,Fiber,One year,Credit card,0,Yes
23,62.15800225134632,1409.0493133246903,Fiber,Month-to-month,Credit card,3,Yes
30,73.61499876367903,2476.9953794409425,Fiber,One year,Mailed check,1,No
17,39.13977000612748,691.1892784597711,Fiber,Month-to-month,Bank transfer,1,No
62,31.659322496908715,1860.0141993943535,Fiber,Month-to-month,Bank transfer,2,No
13,20.687778532358273,-56.06721341456904,Fiber,One year,Mailed check,1,No
59,43.445095030004566,2232.19518403647,Fiber,Month-to-month,Electronic,1,Yes
19,116.57685446468926,1916.056041586416,Fiber,Month-to-month,Mailed check,2,Yes
49,23.418187965518868,1316.898510715793,No,Month-to-month,Electronic,1,No
12,60.89392043268406,233.63699899131512,DSL,Month-to-month,Credit card,3,No
61,31.205640290615264,2100.178669462642,No,Month-to-month,Mailed check,1,No
19,51.970781109899164,1693.942218901499,Fiber,Month-to-month,Credit card,1,No
9,75.09081377056059,838.6710028416451,No,Two year,Mailed check,4,Yes
71,48.996523803849755,3293.960425614764,Fiber,Month-to-month,Bank transfer,1,No
28,102.68994595049384,2226.255044086512,DSL,Month-to-month,Mailed check,3,No
52,116.01934362548701,6822.059272481081,No,Month-to-month,Electronic,1,Yes
16,2.5271281583218297,-544.574774766307,DSL,Month-to-month,Mailed check,0,Yes
69,49.51023008946632,3840.48689341105,No,Two year,Electronic,3,No
12,71.77426366817268,1180.5500943153147,Fiber,Month-to-month,Bank transfer,1,No
25,103.78351078046143,2476.2034680295055,Fiber,Two year,Mailed check,0,No
52,56.37267174540213,2799.8895288705717,DSL,Month-to-month,Bank transfer,3,No
53,69.4019381426257,2760.4470845386513,Fiber,One year,Electronic,1,No
23,35.29767324844154,976.8789851204662,DSL,One year,Electronic,1,No
16,24.016124432129637,694.2211571119766,DSL,Two year,Mailed check,4,No
57,113.361540687488,5917.067761112914,DSL,One year,Credit card,2,No
39,15.277903783211897,517.9275103807126,DSL,One year,Bank transfer,3,No
53,139.85857025264698,7431.435180894766,No,Month-to-month,Mailed check,2,Yes
42,91.75454198145225,4145.977077195778,No,Month-to-month,Mailed check,1,Yes
58,90.39919226550268,5245.054689460749,DSL,Two year,Electronic,0,Yes
39,87.2640600248329,2590.138663987691,Fiber,Month-to-month,Credit card,2,No
14,62.41942935997108,608.9031263083505,DSL,Month-to-month,Bank transfer,0,Yes
5,81.76253589102608,521.1255721496401,Fiber,One year,Electronic,3,Yes
35,64.33309936646575,2672.4226488461804,No,Month-to-month,Bank transfer,1,No
18,86.59219829321438,1249.8412645807352,No,Two year,Electronic,0,No
9,68.98940419273852,1714.7295750096564,Fiber,One year,Credit card,1,Yes
58,41.489554506947954,1459.157626984499,Fiber,One year,Electronic,1,No
17,43.882821512147316,464.15787817755387,DSL,Two year,Bank transfer,4,No
7,40.4718287412249,241.7859994421877,No,Month-to-month,Electronic,3,Yes
46,99.12702195802929,4459.468428292916,DSL,Month-to-month,Bank transfer,3,Yes
13,51.47660162622705,53.12465623353535,Fiber,Month-to-month,Bank transfer,1,No
40,12.636905167454195,729.4070805740647,Fiber,Month-to-month,Bank transfer,2,No
42,81.90515997546416,3625.563744626456,Fiber,One year,Bank transfer,3,No
9,115.43552687768744,1062.9004648899602,DSL,Two year,Credit card,3,Yes
50,93.1924956753258,4825.546715395548,No,Month-to-month,Electronic,4,No
27,51.90029304334863,1189.4197064463979,DSL,Month-to-month,Mailed check,0,No
66,22.395648532147327,669.4313280674397,Fiber,Two year,Electronic,0,No
5,65.97195689927469,-28.460150529748944,DSL,Month-to-month,Credit card,3,Yes
29,65.22328365709869,1970.0025167605827,DSL,Month-to-month,Mailed check,2,Yes
37,40.92401169058702,1595.5606399749179,Fiber,Month-to-month,Bank transfer,1,No
38,86.53111906727612,3308.8720508494166,Fiber,Two year,Bank transfer,1,No
8,125.39879502491418,1277.5444941918292,DSL,One year,Electronic,1,Yes
65,76.66848152374853,4692.878276318646,DSL,One year,Electronic,3,No
17,74.81428620996537,1285.1833941246794,Fiber,Two year,Electronic,1,No
71,41.88315853498532,3259.7506451864183,Fiber,Month-to-month,Mailed check,0,No
45,111.92244109181117,4994.064939880325,No,Month-to-month,Electronic,1,Yes
4,67.7456749956995,-350.67926422025135,DSL,Two year,Electronic,5,Yes
36,52.63110234417488,1413.975499562527,DSL,Month-to-month,Credit card,1,No
70,71.91065180954848,5449.1717888080775,DSL,One year,Credit card,0,No
31,84.15883999739827,3305.1601213906324,DSL,Two year,Mailed check,3,No
19,74.17646225934709,1996.9943368396193,Fiber,One year,Mailed check,2,No
61,106.18460187011775,6593.3386889482,Fiber,One year,Electronic,1,Yes
54,81.51914657640587,3800.4676141175705,DSL,Two year,Bank transfer,1,No
39,61.48174567352395,2394.612302881,DSL,Two year,Credit card,4,No
19,82.0357664898067,2339.807129281538,DSL,Month-to-month,Electronic,1,No
39,84.98911303377872,3623.8195985456077,No,Month-to-month,Electronic,2,No
67,31.10872242208474,1980.5456409377414,No,Month-to-month,Bank transfer,2,No
45,104.48259184791144,5016.0292495766225,DSL,One year,Bank transfer,1,Yes
13,60.97287941915923,157.94982914126763,DSL,Month-to-month,Electronic,4,Yes
58,61.7403032948371,3233.1019021764505,No,One year,Bank transfer,1,No
20,92.54127961227837,1308.729896734405,No,Month-to-month,Mailed check,0,No
61,92.41495672778744,5872.09826956925,Fiber,One year,Mailed check,2,No
39,48.97504963401743,2267.078685586726,DSL,Month-to-month,Bank transfer,0,No
1,94.08704854437059,17.17403494518726,DSL,One year,Credit card,3,Yes
3,53.18655545531428,-276.9051720038402,Fiber,One year,Mailed check,0,Yes
62,124.58719140095967,7714.531320092186,DSL,Month-to-month,Credit card,5,Yes
63,45.15418056202709,2601.423430070803,DSL,Month-to-month,Mailed check,3,No
25,77.1843238511769,1531.5227439325502,Fiber,One year,Bank transfer,1,No
56,46.539470892771774,2775.707212649843,DSL,Month-to-month,Mailed check,2,Yes
33,136.68086887405224,4131.472561584387,Fiber,Month-to-month,Credit card,2,Yes
38,32.86537167738652,465.7092572586415,DSL,Two year,Credit card,2,No
6,85.73088241758731,-157.67194067606954,DSL,One year,Electronic,1,Yes
58,47.95268756566601,1979.6256454006539,Fiber,Two year,Credit card,4,No
44,59.37677075656039,2736.3338715767595,DSL,Month-to-month,Credit card,1,No
45,83.60613501235528,3837.4787946440697,No,Month-to-month,Bank transfer,4,Yes
32,106.73753312878429,3465.8611073751786,Fiber,Two year,Electronic,0,Yes
45,118.70189686897137,5635.451185343683,DSL,One year,Credit card,2,No
61,23.891561199210386,2053.3646612103917,Fiber,One year,Credit card,2,No
47,78.03253673093387,3371.395960941334,DSL,Month-to-month,Electronic,1,Yes
21,113.78480810150565,2592.7197087508275,No,Month-to-month,Credit card,4,Yes
36,19.440671837141785,-89.94356756583409,DSL,Month-to-month,Electronic,2,Yes
19,79.43150482164542,2198.5534647429386,Fiber,Month-to-month,Electronic,4,No
20,69.93748607739448,776.3341024388112,DSL,Month-to-month,Mailed check,2,No
57,82.43625443139365,4343.825943069219,Fiber,Month-to-month,Bank transfer,3,No
18,46.83087924020574,544.1010694571571,No,Two year,Bank transfer,3,No
47,26.931435153596794,502.64195385794324,No,Month-to-month,Electronic,1,Yes
49,12.606807244629245,634.021343691114,DSL,One year,Credit card,0,No
14,99.29151860386308,1497.033194554824,DSL,Two year,Electronic,1,No
15,103.12147409450061,1452.1152759267343,No,One year,Electronic,2,Yes
31,79.08056046987957,1681.3735585507284,No,Month-to-month,Electronic,2,No
1,53.975549509357094,1045.668666935213,DSL,One year,Bank transfer,4,Yes
54,21.30862319602764,1425.2810508363166,Fiber,One year,Credit card,1,No
3,86.90036387515072,1577.8121134504315,DSL,One year,Bank transfer,3,Yes
16,36.97662151489945,189.07132429524495,No,One year,Credit card,4,No
57,48.66104125718387,3252.6204657479684,DSL,Two year,Electronic,4,No
12,52.40307761311844,1018.473875054503,DSL,One year,Mailed check,1,No
16,64.07394322909096,879.8955401167742,Fiber,Month-to-month,Mailed check,2,No
24,47.22878658374055,1839.0163285393853,DSL,One year,Mailed check,3,No
28,71.00376312976908,1785.4003638266452,Fiber,Month-to-month,Electronic,0,No
8,51.34545098480826,230.3178981661625,Fiber,Two year,Bank transfer,1,Yes
36,91.04119194517668,1541.7679640571691,DSL,Month-to-month,Mailed check,2,No
8,100.9318874196416,1011.9691262284514,DSL,Month-to-month,Bank transfer,3,Yes
58,73.25628028085315,3586.1093004482796,Fiber,Two year,Mailed check,2,No
60,83.87879006143308,4757.366805838229,DSL,One year,Electronic,1,No
50,133.53567848877668,6163.67410506632,Fiber,Month-to-month,Bank transfer,1,Yes
28,34.821902294160516,791.8974945773637,No,Month-to-month,Electronic,0,No
41,32.99595696159683,1574.774350534188,Fiber,Two year,Credit card,2,No
64,90.84993702330624,5819.966751015978,DSL,Month-to-month,Bank transfer,2,No
27,128.39628512544297,3821.5203436398638,DSL,Two year,Electronic,1,Yes
63,62.18504314183832,4550.47248572863,DSL,Month-to-month,Credit card,2,No
17,121.80501526656282,1886.2872911926504,DSL,One year,Mailed check,3,Yes
33,72.89301156380469,2166.185760597498,Fiber,Two year,Electronic,2,No
29,49.57338153882755,1916.4918914570037,Fiber,Month-to-month,Bank transfer,2,No
13,40.2792283408689,1042.1536128012604,DSL,Month-to-month,Electronic,3,Yes
46,88.88240754660363,4458.886181195291,DSL,Month-to-month,Credit card,2,No
35,42.5512279665191,1013.2035754584938,DSL,One year,Credit card,2,No
6,72.43830528301083,645.9573644488669,Fiber,One year,Credit card,1,Yes
69,117.50395076152282,8162.507904568719,DSL,One year,Mailed check,4,Yes
47,60.79658821385888,3383.704116726199,Fiber,Month-to-month,Mailed check,5,Yes
25,109.42028423931697,2449.07106121405,DSL,Month-to-month,Bank transfer,1,Yes
66,33.5636953082078,1381.8987447667566,No,Month-to-month,Electronic,1,No
10,53.982726960496,884.9456697950964,No,Month-to-month,Mailed check,4,Yes
56,27.785679213552505,276.8138443303892,DSL,One year,Mailed check,2,No
30,72.18990267920073,1799.9403784278568,DSL,Two year,Electronic,4,No
5,93.40234539149749,-44.58602870165976,Fiber,One year,Mailed check,3,Yes
33,72.25561262818559,1869.467881277251,DSL,Month-to-month,Credit card,2,No
65,106.81150179910455,6568.2318814642485,Fiber,Two year,Credit card,2,No
18,47.5246227811261,1464.1299949360846,No,One year,Electronic,0,No
49,76.76028261067202,4171.531557426116,Fiber,Two year,Electronic,2,No
11,54.17592029158431,470.06978221117487,No,One year,Electronic,0,Yes
26,80.85029756270966,2668.919472559976,DSL,Month-to-month,Credit card,4,Yes
63,85.11208138637278,4830.912549758298,DSL,Month-to-month,Electronic,3,No
59,87.47187879952187,4561.699156298212,Fiber,One year,Bank transfer,3,No
27,37.88216985293194,1454.6169156524575,DSL,Month-to-month,Electronic,0,No
49,43.30761694640294,2411.8948450350676,Fiber,Month-to-month,Bank transfer,4,No
33,48.87136875426433,1382.6234680990613,DSL,One year,Mailed check,2,No
1,62.833577564002084,-504.8968692850632,DSL,One year,Bank transfer,1,Yes
21,72.61559212619291,2254.793372169021,No,One year,Electronic,1,No
55,91.24267365570029,4158.295775589607,DSL,Month-to-month,Bank transfer,3,No
6,44.55703901982305,-31.87073355284184,No,Month-to-month,Electronic,2,Yes
69,21.969421068947433,1630.1783175163216,No,One year,Bank transfer,1,No
5,134.6722948962037,1574.4438786967414,Fiber,Two year,Credit card,2,Yes
3,36.0564093804271,299.7193341778914,Fiber,One year,Electronic,1,Yes
53,95.08971168986653,5279.907046069575,Fiber,Two year,Credit card,2,No
23,70.93800631746024,1346.8822952275218,No,One year,Bank transfer,3,No
53,77.53916922419141,4393.816081519443,DSL,One year,Electronic,2,No
37,69.95348482492292,2640.9335989616916,Fiber,Month-to-month,Mailed check,1,Yes
17,58.45474354158623,199.49836999818694,Fiber,One year,Electronic,0,No
1,83.91916848770377,480.3865952342573,Fiber,One year,Bank transfer,0,Yes
51,56.84238381228113,3384.158269349763,Fiber,One year,Bank transfer,1,No
45,104.98908241710369,5126.191233180247,DSL,Month-to-month,Electronic,2,Yes
4,87.05323018768463,364.87688358363954,Fiber,One year,Mailed check,2,Yes
62,87.98782339844482,4977.156609128755,No,Month-to-month,Credit card,2,No
65,54.786308198302294,2406.5181672472163,DSL,One year,Credit card,1,No
32,62.909357887330124,2091.6262550952893,No,Month-to-month,Mailed check,1,Yes
34,34.36261574073805,1709.2999650555184,Fiber,Two year,Credit card,2,No
39,59.40951829823313,2814.737448172633,No,Month-to-month,Mailed check,0,Yes
26,38.902722509311076,1419.507206939012,Fiber,Month-to-month,Mailed check,1,No
34,109.39205546766145,3682.224396625794,Fiber,Month-to-month,Credit card,3,Yes
54,71.51607446782019,4405.6001082780385,DSL,One year,Mailed check,0,No
3,75.11491705121293,687.4256630815902,No,Month-to-month,Mailed check,0,Yes
50,63.24560417949936,2950.963428614189,DSL,Month-to-month,Mailed check,1,No
12,75.92736766154223,1249.4274202464305,No,One year,Credit card,1,No
65,143.9463290757305,9088.531817217836,No,Month-to-month,Credit card,0,Yes
54,60.995791468225256,3563.784855092625,DSL,Two year,Mailed check,2,No
5,50.48760895870019,-397.12027735703253,DSL,Two year,Mailed check,2,Yes
57,85.89079398716328,4284.669352931845,Fiber,One year,Mailed check,2,No
17,-5.771559008074647,430.98702033468476,DSL,Month-to-month,Bank transfer,0,No
47,71.91870360732798,3848.9591306467973,No,One year,Electronic,3,No
23,58.848612901212974,1670.3238670158141,DSL,Month-to-month,Bank transfer,0,No
14,40.23060201891717,607.2128387912555,DSL,Month-to-month,Mailed check,2,No
66,85.232730109345,4429.722971704696,No,Month-to-month,Mailed check,3,No
51,71.61965255337378,3615.1643111188177,Fiber,Two year,Electronic,4,No
38,15.927732775173489,832.3454290515116,No,Month-to-month,Electronic,2,No
64,50.604114364226874,2971.2966955307243,DSL,One year,Credit card,2,No
38,-16.648136155781742,-988.876270323825,Fiber,One year,Mailed check,1,No
50,78.7980794240051,4662.114165277101,Fiber,Month-to-month,Electronic,4,Yes
30,78.49898255320471,2324.8249809003355,Fiber,Month-to-month,Mailed check,3,No
51,46.2015431849898,2583.67628725567,Fiber,Two year,Mailed check,3,No
63,86.2033813504938,5817.878755890792,Fiber,One year,Electronic,2,No
52,31.52504136635433,1138.5836127978864,Fiber,One year,Mailed check,1,No
38,41.00448922195021,1654.7743017912048,DSL,Month-to-month,Mailed check,3,No
30,82.51571393147692,3135.2936651829573,Fiber,Month-to-month,Bank transfer,1,Yes
51,49.339997351111705,3425.951456556558,DSL,Month-to-month,Mailed check,0,No
5,68.12029131392666,360.56965517697853,Fiber,Month-to-month,Mailed check,3,Yes
29,53.09052917720972,1420.6535724655444,DSL,Month-to-month,Credit card,2,No
4,57.672065311024475,365.20029531286457,Fiber,Two year,Mailed check,3,Yes
10,58.98327352135021,711.6512587272626,Fiber,Month-to-month,Electronic,3,Yes
56,48.79729728345467,3426.027680939038,DSL,Month-to-month,Electronic,0,No
17,79.07349143080373,846.0535097401297,DSL,One year,Mailed check,3,No
17,51.16214539738152,729.819928672475,DSL,One year,Bank transfer,2,No
69,70.47060141386807,4303.900834118642,Fiber,Month-to-month,Electronic,2,No
34,48.138049558767904,1130.64624209932,No,One year,Bank transfer,3,No
6,23.971041208466247,332.11325482035966,DSL,Month-to-month,Electronic,1,Yes
53,97.37305747777499,5565.700967140589,Fiber,Month-to-month,Mailed check,1,No
66,84.98580955286225,5284.367583617036,DSL,Month-to-month,Bank transfer,2,No
43,138.66046206393017,6348.447263236642,Fiber,Two year,Mailed check,1,Yes
23,38.680814800052254,1445.448068967186,No,Month-to-month,Bank transfer,0,No
55,63.73118538003908,4472.568195118844,DSL,Month-to-month,Electronic,2,No
16,66.14477557432582,1093.1898336097377,Fiber,Month-to-month,Bank transfer,4,No
8,99.68108314846394,477.566401465645,DSL,Two year,Electronic,2,Yes
4,54.78676317602175,-282.08891309886036,DSL,Month-to-month,Credit card,0,Yes
4,34.868744374724365,-411.4216214610493,DSL,Month-to-month,Electronic,1,Yes
56,106.23427925383007,6574.009988916287,DSL,Month-to-month,Credit card,5,Yes
25,60.50049912216316,754.9648065762539,Fiber,Month-to-month,Mailed check,4,No
67,96.35930529178128,7064.947697374946,Fiber,One year,Bank transfer,4,No
67,92.86595202376634,5787.79827096627,Fiber,One year,Mailed check,4,No
27,69.10328578293101,1523.1856172094344,DSL,Month-to-month,Credit card,3,No
32,64.77058884895756,1996.881115661652,DSL,Month-to-month,Electronic,2,No
50,58.25305581010586,2560.8255157220374,Fiber,Month-to-month,Electronic,1,No
61,69.54420613690031,4708.186451830707,No,Month-to-month,Mailed check,1,No
51,95.89300678511893,5797.215322032453,DSL,Month-to-month,Electronic,1,No
19,46.10679456821262,547.3130180194707,No,One year,Electronic,0,No
21,73.26536890627361,1322.4538274494325,Fiber,Two year,Credit card,1,No
5,36.44105715403577,100.54488212822966,Fiber,Two year,Credit card,4,Yes
42,40.176813008734214,1957.954528113156,Fiber,Two year,Mailed check,0,No
61,69.07183008533127,4136.639495727279,DSL,One year,Credit card,1,No
22,11.195259751185041,939.9244200523688,DSL,One year,Mailed check,3,No
21,131.81675849848156,3341.463886749076,Fiber,Month-to-month,Electronic,1,Yes
70,34.20820135269291,1801.842917890954,DSL,One year,Bank transfer,2,No
1,68.79734462030339,329.28142740771773,No,Month-to-month,Bank transfer,1,Yes
5,105.04653165450594,1285.402276927281,Fiber,Month-to-month,Credit card,2,Yes
12,44.11283983748505,281.9636051663789,DSL,One year,Electronic,3,No
46,0.9190903136585007,-104.85428146848727,Fiber,Month-to-month,Bank transfer,1,No
34,56.65162719625985,1662.1368257463573,DSL,Month-to-month,Electronic,5,Yes
49,43.75538859771643,1890.4762335263522,Fiber,Two year,Electronic,5,No
45,1.708794742239931,-757.330012554727,Fiber,Month-to-month,Electronic,1,Yes
27,78.54669677716596,1456.6033372509557,No,Month-to-month,Credit card,0,No
26,76.21281586698855,2020.2700719103173,Fiber,Two year,Credit card,1,No
47,104.26979363615055,5657.479288225464,Fiber,One year,Bank transfer,3,No
56,36.37532903438838,1730.3380196666078,Fiber,One year,Mailed check,1,No
63,22.025905406589615,1066.2533891408668,No,Month-to-month,Mailed check,0,No
48,57.798307508602484,3625.0792956232867,DSL,Month-to-month,Electronic,3,No
61,67.34972022972715,3554.2042031053634,DSL,Two year,Electronic,2,No
26,97.6404880895949,1708.031108976256,DSL,One year,Mailed check,0,No
36,112.31704015015475,3629.155727336821,DSL,One year,Bank transfer,0,Yes
1,106.4343740172204,-224.95786537996264,Fiber,Month-to-month,Mailed check,1,Yes
8,78.29631000678,-247.35606229329267,Fiber,Month-to-month,Electronic,2,Yes
52,93.98497760512444,4823.197982329166,Fiber,Two year,Electronic,1,No
47,50.78519695692447,2861.1274319062177,DSL,Month-to-month,Electronic,0,No
56,75.05185577425739,3559.9265365010006,Fiber,One year,Mailed check,3,No
14,34.26129582136581,523.447250975916,DSL,Month-to-month,Credit card,0,No
28,71.88056190660619,2210.62357119836,Fiber,One year,Bank transfer,2,Yes
2,72.65940092194037,103.6266642067342,Fiber,Two year,Credit card,1,Yes
26,121.6638581705491,3256.1066073048064,DSL,One year,Mailed check,1,Yes
14,63.1305141552926,982.4908294717019,DSL,Month-to-month,Mailed check,3,No
59,72.70128512959859,3883.011844187101,DSL,One year,Electronic,2,No
56,77.10884247136129,5067.386464402166,No,One year,Credit card,3,No
7,56.3553905233464,1018.3661507015325,No,Month-to-month,Bank transfer,3,Yes
3,45.925218003650585,732.7313526315356,Fiber,Two year,Electronic,5,Yes
23,108.96433974541156,3013.017684416398,DSL,One year,Mailed check,2,No
18,40.57247671119107,-57.18515391507265,Fiber,Two year,Mailed check,0,No
38,30.162457849381802,1609.2045871824917,Fiber,One year,Bank transfer,1,No
15,90.40796137886441,1683.92013445772,Fiber,Month-to-month,Credit card,1,No
64,104.73444526072029,5934.742689214207,DSL,Month-to-month,Bank transfer,2,Yes
28,56.45771027198083,1473.3607100404242,DSL,Month-to-month,Mailed check,3,Yes
39,56.91839537050361,2358.214144112285,Fiber,Two year,Electronic,4,No
57,78.4763057832038,5305.307978704934,DSL,One year,Electronic,0,No
17,48.764419697704504,1191.357063808106,DSL,One year,Electronic,1,No
44,46.548624381640934,1615.8566091530502,DSL,Month-to-month,Electronic,2,No
25,96.38777763959098,3257.388670215756,Fiber,Month-to-month,Bank transfer,2,No
17,88.21393302350856,1521.52674275659,No,One year,Bank transfer,3,No
13,109.33476658954316,1293.431397212515,No,Month-to-month,Electronic,1,Yes
25,32.42232962903513,646.9991424314723,Fiber,Month-to-month,Credit card,1,No
68,54.9261253926815,2923.198907690775,Fiber,One year,Electronic,2,No
10,78.43538686808358,729.4691167727647,DSL,Month-to-month,Mailed check,0,Yes
67,42.23137450676901,3078.2447206063525,Fiber,Month-to-month,Electronic,3,No
18,89.2506231146395,1413.8195523009028,DSL,Month-to-month,Mailed check,3,Yes
34,106.73881261678996,3839.345867594638,Fiber,Month-to-month,Electronic,3,Yes
8,52.499260833179555,-12.201448791653945,DSL,Two year,Mailed check,3,Yes
40,71.157758206811,2775.84637113363,DSL,Month-to-month,Mailed check,2,No
42,113.6685607024335,4932.349712806523,DSL,Month-to-month,Credit card,5,Yes
41,123.97814725056998,5177.934475805079,DSL,Month-to-month,Electronic,3,Yes
6,92.37403753181212,-248.48831966865043,DSL,One year,Electronic,1,Yes
52,87.80287519580827,4346.246534746415,DSL,Month-to-month,Electronic,4,No
26,44.38790395945264,1992.8169681020718,No,One year,Bank transfer,2,No
64,80.77628201373523,4923.459011713796,Fiber,Month-to-month,Electronic,2,No
59,86.70462522324995,5123.476660227667,Fiber,Month-to-month,Credit card,0,No
56,63.68889524316863,3523.200258342971,No,Month-to-month,Mailed check,1,No
59,52.15671236333013,3861.365908896303,No,Two year,Mailed check,2,No
70,31.56106979569435,2854.4589467959395,Fiber,Two year,Bank transfer,1,No
33,17.86810734846123,993.4130424086253,No,Month-to-month,Electronic,3,No
53,11.563494600365111,126.24405713308403,DSL,One year,Electronic,5,No
22,87.38327718601785,2102.0236226884326,DSL,Two year,Mailed check,2,No
21,74.43097975680331,1847.0214464304354,Fiber,Month-to-month,Bank transfer,2,No
70,55.485666053767105,3534.69420596567,Fiber,Two year,Electronic,2,No
70,60.05631106826083,3768.6832218544137,Fiber,Month-to-month,Electronic,1,No
4,76.31411624591453,1157.7635385871731,DSL,Two year,Credit card,1,Yes
62,65.06310786974217,3883.51103181555,DSL,One year,Electronic,3,No
62,29.783404599885152,2654.059494648454,Fiber,Two year,Credit card,4,No
24,97.39000660822899,2835.9070363447627,DSL,One year,Bank transfer,2,No
55,79.12378512009428,4555.746572792847,Fiber,Month-to-month,Electronic,4,Yes
9,77.97695439441544,928.0583077294814,Fiber,Two year,Electronic,2,Yes
3,95.12688110075118,-414.82913686313026,Fiber,Month-to-month,Electronic,3,Yes
31,45.59063931820977,1516.6972087817112,Fiber,Month-to-month,Bank transfer,2,Yes
40,106.41194313177526,4964.987931761823,No,One year,Bank transfer,3,Yes
36,65.79871444173286,2709.423471495187,Fiber,One year,Bank transfer,2,No
24,96.65796640992625,2396.959537370435,Fiber,Two year,Credit card,3,No
6,92.03347100462963,1408.1694239362928,Fiber,Month-to-month,Bank transfer,0,Yes
66,38.83594515992333,2470.6520192245375,DSL,One year,Electronic,2,No
4,85.08701214742408,30.57021107885413,DSL,One year,Electronic,2,No
6,79.78824012540056,555.6453987915319,DSL,Month-to-month,Credit card,3,Yes
51,70.90934972483026,3999.610520022142,Fiber,Month-to-month,Electronic,2,No
62,67.16884749893856,3305.57149703006,Fiber,Month-to-month,Electronic,0,No
57,67.42320250846625,3985.5568647277846,No,Month-to-month,Bank transfer,1,No
66,94.38068276931986,6634.2975705432655,DSL,Two year,Mailed check,4,No
8,87.3373154137453,563.877710661532,DSL,One year,Credit card,2,Yes
26,70.91436550796995,2397.2558863585396,No,One year,Bank transfer,2,No
51,25.241915605858757,1607.9310271043319,DSL,Two year,Electronic,1,No
45,84.83330242250855,4888.190168268424,Fiber,Month-to-month,Credit card,2,No
44,91.70840857533338,3659.8685285240613,Fiber,Two year,Electronic,1,No
5,139.0123025634091,1110.4164380650902,Fiber,Month-to-month,Mailed check,2,Yes
70,102.26299189315114,6649.747478621877,DSL,Two year,Mailed check,1,Yes
26,13.024708362535975,-469.0408082124277,DSL,Month-to-month,Electronic,2,Yes
68,72.35288197055928,3902.230552589095,DSL,Two year,Mailed check,1,No
19,124.34125085994944,2631.645777537503,Fiber,Month-to-month,Electronic,3,Yes
20,88.70646570704912,1866.2532711130336,Fiber,Month-to-month,Mailed check,1,No
12,79.85956481119626,718.7892490534782,DSL,One year,Mailed check,2,No
47,97.00685976745707,3672.570242095676,Fiber,Month-to-month,Bank transfer,1,Yes
1,51.32865415027591,-293.8646589190622,No,One year,Credit card,0,Yes
14,84.34269989882368,1182.8443024212597,DSL,Month-to-month,Electronic,1,No
64,62.48595883024269,4395.686048532081,Fiber,One year,Mailed check,2,No
38,69.41129542568576,2629.3613510522464,Fiber,Month-to-month,Mailed check,0,Yes
37,94.85363547085319,3635.6146837742067,DSL,Month-to-month,Electronic,2,Yes
11,42.19860692523456,276.1184856905122,DSL,Month-to-month,Bank transfer,2,Yes
3,108.63947421405814,1200.5305239057516,Fiber,Month-to-month,Bank transfer,0,Yes
33,57.3156411674337,1382.291336361198,No,Month-to-month,Electronic,1,No
6,77.81988499451222,117.30020132450949,No,Month-to-month,Mailed check,2,No
50,27.98476119175171,1153.0590225908288,Fiber,Month-to-month,Electronic,0,No
10,91.59511872614172,1187.3033862497791,Fiber,Month-to-month,Bank transfer,4,Yes
5,113.39511807839733,47.545695498546365,DSL,One year,Electronic,4,Yes
23,54.56075352345559,1322.756626313478,Fiber,Two year,Credit card,1,No
10,36.693298404712,449.38805576039874,Fiber,Month-to-month,Bank transfer,2,Yes
44,78.33949194228126,3099.758660093685,DSL,One year,Mailed check,3,No
2,113.64431934975228,392.278369177933,Fiber,One year,Bank transfer,4,Yes
13,26.504303035572825,-159.35100990626893,Fiber,Month-to-month,Credit card,3,No
40,36.81075456314974,913.8931112951167,DSL,One year,Bank transfer,1,No
2,56.37431325065453,162.55150476202937,No,Month-to-month,Electronic,3,Yes
65,45.389685264079134,2120.451749426112,DSL,One year,Mailed check,1,No
63,45.48443600173014,1793.1181168338799,DSL,Month-to-month,Credit card,1,No
17,7.176381170086685,388.41513028987384,DSL,One year,Bank transfer,1,No
9,87.67170842217602,1313.5303470951694,Fiber,One year,Bank transfer,3,Yes
15,80.16161508608906,969.0226669450713,Fiber,Month-to-month,Credit card,0,No
24,19.03452400589064,122.7932500924901,DSL,Month-to-month,Credit card,3,No
38,113.7158727986874,4823.970779337401,Fiber,Two year,Credit card,0,Yes
35,120.43276944791462,3642.3778216775513,DSL,Month-to-month,Electronic,2,Yes
49,47.47283350659657,1644.4825294626528,Fiber,One year,Mailed check,0,No
69,104.99645772931018,7598.573795176646,Fiber,Two year,Bank transfer,0,No
62,52.81006585027162,3278.743175972994,Fiber,One year,Bank transfer,0,No
60,75.43349530633182,5058.448088025028,No,One year,Bank transfer,1,No
50,44.92713594937273,1176.223858079647,DSL,One year,Electronic,1,No
9,136.42754570386828,527.5109157755329,DSL,Two year,Bank transfer,3,Yes
34,61.11948318010306,2085.2284580455826,Fiber,Month-to-month,Bank transfer,1,No
35,73.79347068470386,2791.6083232065284,No,Month-to-month,Electronic,0,No
1,49.36187837608519,472.8604222208144,DSL,Month-to-month,Mailed check,3,Yes
40,125.83946791709184,5120.987601088063,DSL,Two year,Electronic,2,No
64,126.5984393826823,8184.627698170952,DSL,One year,Mailed check,1,Yes
22,118.92787543788822,2421.7124881184413,Fiber,Month-to-month,Electronic,1,Yes
60,98.69321045042867,6717.045079477978,DSL,Two year,Mailed check,3,No
64,51.256313591978426,2728.8923421513705,Fiber,Month-to-month,Mailed check,3,No
11,94.83550287887255,1222.7006079455673,No,Month-to-month,Bank transfer,1,Yes
14,69.78871603225794,483.1376071576012,Fiber,One year,Bank transfer,2,No
60,109.37225865227896,6829.724792039242,DSL,Month-to-month,Credit card,3,Yes
30,103.47706160096084,2585.8030633349417,Fiber,Two year,Electronic,2,Yes
35,50.522032657722264,2140.1789922705084,DSL,Month-to-month,Electronic,1,No
37,98.43477408511649,3698.1391145615685,No,Two year,Credit card,2,No
5,90.46103350131779,1324.6247541359296,Fiber,One year,Electronic,1,No
26,-13.206885887403445,-483.8888567082824,DSL,Month-to-month,Credit card,2,No
62,94.02809918888387,6042.225207834573,Fiber,Two year,Credit card,4,No
4,57.04612634079382,-161.64363486717957,Fiber,One year,Mailed check,1,Yes
42,43.4187263700498,1679.6400043214444,Fiber,Month-to-month,Credit card,0,No
18,44.70218187118772,857.5140134035553,DSL,Month-to-month,Electronic,1,No
40,65.94271313103906,1874.0985640058752,No,Two year,Mailed check,4,No
39,84.4017874026005,2582.8577416090334,No,Month-to-month,Bank transfer,2,No
14,29.03613933423459,706.4356005971069,Fiber,Month-to-month,Mailed check,0,Yes
32,75.69543508637393,2349.210511998126,No,Month-to-month,Credit card,1,No
51,87.30274198579215,4155.976574751389,DSL,Month-to-month,Electronic,0,No
38,125.85417351008894,4413.965503175002,Fiber,One year,Mailed check,3,Yes
23,37.6992949232461,517.8393853728135,Fiber,Month-to-month,Bank transfer,1,No
63,59.51163439666589,3805.508324494065,Fiber,Month-to-month,Bank transfer,2,No
15,77.84988918089437,1390.2662697715102,Fiber,Month-to-month,Electronic,2,No
25,104.42227990574818,1564.5033828310925,DSL,Month-to-month,Mailed check,3,Yes
17,60.87328356484558,1741.262848987321,DSL,Two year,Credit card,2,No
66,105.95924115973153,7664.1602980132775,DSL,Month-to-month,Electronic,1,Yes
53,11.879130505706208,-535.7334649710208,DSL,Two year,Credit card,4,No
51,32.399554206343424,2195.340612684913,Fiber,Month-to-month,Bank transfer,2,Yes
39,80.45933033002662,3665.523308536559,DSL,Month-to-month,Bank transfer,2,No
51,27.675265057363745,1411.6612650193235,DSL,Two year,Bank transfer,1,No
70,34.7658841969985,1785.0275828474569,Fiber,Month-to-month,Electronic,4,No
6,54.16669407262182,832.614210268267,Fiber,One year,Bank transfer,1,Yes
67,93.14316975747472,6119.97684060213,No,Two year,Credit card,3,No
7,13.121054760781327,366.28680523494745,Fiber,Month-to-month,Mailed check,2,Yes
51,75.10895086487183,4940.157130089352,DSL,Month-to-month,Credit card,1,No
42,100.98891841458418,4367.452948724345,No,One year,Mailed check,1,Yes
64,64.15164374713125,3647.2628539571188,Fiber,Month-to-month,Electronic,0,No
15,58.9350931122238,716.1608992234961,DSL,Month-to-month,Mailed check,1,Yes
29,82.05313847675721,1984.8183357054654,Fiber,Month-to-month,Credit card,1,No
33,64.2366684183568,2336.5549165300354,No,Month-to-month,Mailed check,1,No
27,111.7149934372224,2613.2710434301025,DSL,One year,Credit card,3,No
36,36.65760963596695,1083.2482357199885,DSL,Month-to-month,Credit card,2,No
29,68.45067534504746,1342.8543978025764,DSL,Month-to-month,Mailed check,3,No
38,76.17059124882053,2828.4389646956083,DSL,One year,Electronic,0,No
57,58.64637844460621,3431.220967993579,Fiber,Month-to-month,Bank transfer,1,Yes
27,-16.138479888723836,-1778.1329805542896,Fiber,Month-to-month,Mailed check,1,Yes
55,65.17285275852421,3714.293682458942,DSL,One year,Bank transfer,5,No
33,97.00530960737399,3178.325101494952,No,Month-to-month,Mailed check,5,No
68,93.34327558378052,5964.846765319012,Fiber,One year,Mailed check,3,No
66,80.64335446510599,6336.775856831931,Fiber,Two year,Bank transfer,3,No
10,37.0641292495233,849.8795562976103,No,Month-to-month,Mailed check,2,Yes
5,81.8592838737545,-138.9048237069282,DSL,One year,Mailed check,2,Yes
38,52.79686535373286,2425.399323227419,Fiber,Month-to-month,Mailed check,2,No
13,80.60448717846,1670.107371330509,Fiber,Month-to-month,Mailed check,0,No
31,73.64515034205147,2349.0101219123744,No,Two year,Mailed check,2,No
47,40.70874186149885,2094.031885964109,Fiber,Two year,Credit card,1,No
52,43.2263248192929,2416.9422240640265,DSL,Month-to-month,Mailed check,2,No
56,80.65067363264549,3473.5297939665033,No,One year,Mailed check,2,No
15,63.36660714134495,857.0643086949747,DSL,Two year,Bank transfer,4,No
29,44.791557080286125,1179.4987343362834,No,Two year,Electronic,4,No
8,42.31509430819501,1053.5985727454993,No,One year,Electronic,2,Yes
5,60.88507456041352,471.28930458300414,DSL,Month-to-month,Credit card,2,Yes
29,117.0431438415463,3245.445690346495,Fiber,Month-to-month,Bank transfer,4,Yes
47,54.21765903364123,2503.1676040856323,DSL,Two year,Bank transfer,2,No
68,69.57941385227234,5243.09293276822,Fiber,Month-to-month,Bank transfer,4,Yes
45,73.0493286306853,3194.9274567581806,Fiber,One year,Electronic,0,No
2,36.06920825524171,-276.9593500353211,Fiber,Month-to-month,Bank transfer,0,Yes
27,17.11502548471914,324.2545916269836,No,Month-to-month,Mailed check,2,No
36,39.20077795792807,1881.5760783967514,Fiber,Month-to-month,Mailed check,2,Yes
36,77.4123213341891,3034.9260208297756,Fiber,Two year,Mailed check,3,No
26,72.61993173746228,1910.252211848576,No,Month-to-month,Electronic,3,Yes
43,91.07219707453196,4011.8741239272895,No,One year,Electronic,4,No
27,72.9024968487735,1688.4961781191435,DSL,Month-to-month,Credit card,1,No
69,66.7135212559239,4506.258266437421,No,Month-to-month,Mailed check,2,No
20,51.87963175224618,705.940474157665,DSL,Month-to-month,Mailed check,1,No
11,96.53820369588078,914.5305985048168,No,One year,Electronic,1,Yes
38,42.4245958383785,2285.223773671695,DSL,Month-to-month,Electronic,5,No
6,36.688014481119374,-318.80781880187874,DSL,Month-to-month,Bank transfer,1,Yes
23,87.0116655216431,1656.9094737863336,Fiber,Month-to-month,Mailed check,3,No
47,30.00528068039035,783.0987605104704,Fiber,Month-to-month,Mailed check,1,No
46,142.44372995975894,5816.957199555111,DSL,Two year,Electronic,0,Yes
12,72.3998014167743,775.4116599036458,DSL,Two year,Bank transfer,1,No
13,80.43718348974656,736.878794466312,Fiber,Month-to-month,Electronic,0,Yes
62,45.74740526429839,3717.1835917825965,No,One year,Electronic,1,No
60,60.54205467275361,3491.10000727632,DSL,Two year,Mailed check,3,No
43,57.197286493529376,3104.181750936775,DSL,Month-to-month,Electronic,2,Yes
68,53.74495036994075,4138.659862626288,Fiber,Two year,Electronic,1,No
5,88.98885254529479,340.4671851144669,DSL,Two year,Bank transfer,3,Yes
37,56.512718853241566,3146.0383886127493,No,Month-to-month,Bank transfer,3,Yes
31,100.52503687252545,3250.543136280693,No,Month-to-month,Credit card,0,Yes
9,149.8954705035947,2105.5638675343466,Fiber,Two year,Mailed check,2,Yes
51,61.13376279560353,3816.1203483664117,DSL,One year,Electronic,1,No
29,74.56946540729872,2369.838489364054,Fiber,Month-to-month,Electronic,2,No
40,81.38446171496523,3630.9438925015347,Fiber,Month-to-month,Credit card,0,No
41,124.3451443778055,5410.186627049763,No,Month-to-month,Bank transfer,3,Yes
11,67.52056644885434,170.5955152415437,Fiber,One year,Bank transfer,2,No
23,45.12949241024912,1066.623502662238,Fiber,One year,Electronic,4,Yes
1,32.00978483122887,569.1334018035591,Fiber,Two year,Mailed check,1,Yes
46,68.26048157703298,3903.0753112243474,Fiber,Month-to-month,Electronic,4,No
21,56.54859342838353,827.2006260800792,No,One year,Bank transfer,1,No
36,130.30027867900003,4955.225683350511,Fiber,One year,Credit card,1,Yes
54,123.095872620309,6722.612228135453,Fiber,Month-to-month,Credit card,0,Yes
57,38.96881516229206,2162.2854319598496,DSL,Month-to-month,Mailed check,4,No
1,48.677196893524645,226.67851150603775,Fiber,Two year,Mailed check,4,Yes
63,72.21310323660659,4658.424209239283,Fiber,Two year,Credit card,2,No
54,111.91679267676288,6314.210588981489,DSL,Month-to-month,Bank transfer,2,Yes
55,71.71039409113153,4664.930055487261,DSL,One year,Electronic,2,No
40,50.5827808603586,2415.3750298466944,Fiber,Month-to-month,Mailed check,2,No
15,68.23354570291826,1178.7988149801254,Fiber,One year,Electronic,4,No
21,51.145454083118594,2006.36706415703,Fiber,One year,Mailed check,0,No
47,88.07431628318446,4694.457663249837,DSL,One year,Mailed check,4,No
53,48.72898865005885,2536.437179151445,Fiber,Two year,Bank transfer,1,No
9,54.68691842719099,-116.37793533173362,DSL,One year,Mailed check,1,Yes
52,104.85801440368289,4958.701408531277,Fiber,Month-to-month,Electronic,2,Yes
57,46.94905158057784,3142.712164250754,DSL,One year,Mailed check,3,No
26,26.61615902319513,376.8638949765828,DSL,Month-to-month,Credit card,2,No
41,72.84981254068914,2482.814575612281,DSL,Month-to-month,Bank transfer,7,No
35,59.18579787386212,1692.4602622415744,DSL,Month-to-month,Mailed check,5,Yes
63,85.34246502789861,5032.8831407122625,DSL,Month-to-month,Credit card,2,No
25,79.52415804193271,2413.427784939443,DSL,One year,Credit card,3,No
38,69.04244516069915,2545.241878215429,Fiber,Month-to-month,Electronic,2,Yes
2,68.16869723590013,-549.8499056779026,Fiber,One year,Electronic,2,Yes
7,47.92424652031495,350.992174523383,DSL,One year,Bank transfer,2,Yes
34,72.50041212979728,2576.1470786372283,No,Month-to-month,Credit card,2,Yes
17,96.43854344298306,1399.786807810286,DSL,Two year,Credit card,2,No
43,40.796597758015714,2332.1962456910255,Fiber,Month-to-month,Credit card,1,No
59,69.83807870915396,3909.9772009939416,DSL,Month-to-month,Bank transfer,0,No
51,101.15166267203836,5712.903639592531,DSL,One year,Mailed check,5,Yes
54,85.16272279650097,4897.1784208485415,Fiber,Month-to-month,Electronic,5,No
24,109.2841868905214,3086.1232393947175,Fiber,Month-to-month,Electronic,1,Yes
25,52.95573010496996,774.6178322210516,No,One year,Mailed check,2,No
71,15.07694654815402,1119.6183010379866,Fiber,One year,Bank transfer,0,Yes
52,76.01955411867061,3926.6028118834874,No,Month-to-month,Bank transfer,1,No
70,80.87712445079455,4950.395449101853,DSL,Two year,Bank transfer,2,No
33,111.05265863418026,4217.268099829404,DSL,One year,Electronic,0,Yes
49,105.64437204120952,4767.873781565592,DSL,Two year,Bank transfer,2,No
29,86.10230869037385,2192.18303760285,DSL,Month-to-month,Electronic,4,Yes
63,92.96170642511301,5349.929586983256,Fiber,One year,Mailed check,3,No
22,64.24535625380082,1763.9910006188047,Fiber,Two year,Bank transfer,3,No
26,33.4265616604235,106.12574378471311,DSL,One year,Bank transfer,5,No
28,73.5316365214273,2367.8232228322486,No,One year,Credit card,3,No
49,99.47720390883332,5396.639984654563,No,Month-to-month,Electronic,6,Yes
71,89.69082609485645,6636.637866547688,DSL,Month-to-month,Mailed check,1,No
49,95.01422017478095,5012.011030487481,DSL,Month-to-month,Mailed check,4,Yes
20,57.16732938859744,1523.11982256097,DSL,Month-to-month,Mailed check,0,No
63,62.03359485944729,3433.404312782297,DSL,Two year,Credit card,2,No
61,84.5027646434381,5872.036133081896,DSL,Month-to-month,Bank transfer,4,No
49,53.60477816473737,2396.5960030053816,Fiber,Two year,Credit card,2,No
71,54.52848790200993,3838.3288322477188,DSL,Two year,Electronic,3,No
1,78.93946709132355,-87.37919208415597,DSL,Month-to-month,Credit card,0,Yes
13,92.82714229470723,1452.5239102698486,No,Month-to-month,Electronic,0,No
51,64.01413980011773,2995.702508237293,Fiber,Two year,Credit card,2,No
56,35.10431616839084,1999.2995675485713,No,Two year,Mailed check,5,No
62,47.9258825487151,2353.7328094473337,DSL,Month-to-month,Mailed check,1,No
32,76.11016254679295,3017.85780574816,DSL,Month-to-month,Mailed check,1,No
30,75.74562891597894,2607.73934045447,Fiber,One year,Credit card,2,No
29,77.23714412966044,2093.7472988092677,DSL,One year,Electronic,2,No
49,85.6388587178727,3961.7295621628573,DSL,Month-to-month,Mailed check,1,Yes
45,70.1743167562735,3480.158377191156,Fiber,One year,Credit card,0,No
30,77.95168134520935,1984.9037500382994,Fiber,Month-to-month,Mailed check,3,No
16,68.649195315134,1161.0697829247283,Fiber,Month-to-month,Electronic,1,No
40,104.46200448788316,4759.179573231029,Fiber,Month-to-month,Mailed check,1,Yes
19,112.97026093652505,1740.8063982253798,Fiber,Month-to-month,Mailed check,1,No
18,34.32966152859896,802.2343220748828,DSL,Month-to-month,Credit card,2,No
1,62.3424417369324,220.2050752046785,DSL,Month-to-month,Bank transfer,2,Yes
47,70.98173474622122,3287.473123741056,DSL,Month-to-month,Mailed check,2,No
66,61.99255863957037,3839.614078159676,DSL,Month-to-month,Credit card,0,No
38,123.7876777399262,5311.330282564389,No,Month-to-month,Mailed check,3,Yes
51,76.71865834269204,3613.867257593811,Fiber,Two year,Electronic,4,No
63,45.838845188489685,1981.82779631004,Fiber,Month-to-month,Electronic,1,No
4,87.89327018682013,671.8398765627974,DSL,Month-to-month,Mailed check,5,Yes
1,78.12923616538578,-522.5224387185312,DSL,One year,Electronic,2,Yes
8,79.12578758660266,978.9468731203649,DSL,Two year,Credit card,1,Yes
29,124.2362847639757,4270.303882077017,DSL,Month-to-month,Bank transfer,3,Yes
55,80.52355527264427,4743.670479194772,DSL,One year,Electronic,2,No
3,60.89015428378012,718.376113795086,Fiber,One year,Bank transfer,1,Yes
32,11.341707210696967,1372.9591842071266,Fiber,One year,Bank transfer,2,No
10,65.03802945569464,1133.7605258614199,Fiber,Month-to-month,Credit card,1,Yes
34,109.17909751981566,3877.3760119864505,Fiber,One year,Credit card,4,No
55,67.26492641331438,4516.545044494115,No,Month-to-month,Mailed check,3,No
32,2.7985030444149004,966.9398698445692,DSL,One year,Bank transfer,3,No
50,55.0491282342266,3636.8423033410404,DSL,One year,Bank transfer,5,Yes
7,99.78065616738377,452.3928355736851,DSL,Month-to-month,Bank transfer,1,Yes
8,86.37451523686045,13.986942645681552,Fiber,Two year,Electronic,3,Yes
65,44.80357310467794,2635.6361600866226,No,Month-to-month,Electronic,3,No
57,53.041456708027546,3375.183840254158,DSL,Two year,Mailed check,5,No
67,57.678740226927495,3944.055067870195,No,Month-to-month,Electronic,2,No
59,50.118586844112095,2853.75613121419,No,Month-to-month,Electronic,0,No
54,9.109783967812533,772.1690336643445,DSL,Month-to-month,Bank transfer,2,No
67,92.90773301859568,5489.415571409277,DSL,Two year,Electronic,4,No
51,107.71179870067279,5563.886383080082,Fiber,Month-to-month,Bank transfer,1,Yes
8,24.44653168105779,754.8010758724008,No,Month-to-month,Mailed check,4,Yes
34,107.31558797758944,3923.3878135171553,DSL,Month-to-month,Credit card,2,Yes
35,66.90930395808353,2687.7305494497878,Fiber,One year,Mailed check,1,No
32,106.75397044503623,4214.813449217417,DSL,One year,Electronic,2,No
